,,,,Pakistan Website Defacement Data 2006-2020,,,,,
"Total notifications: 1,351 of which 568 single ip and 783 mass defacements",,,,,,,,,
,,,,,,,,,
Legend:,,,,,,,,,
H - Homepage defacement,,,,,,,,,
M - Mass defacement (click to view all defacements of this IP),,,,,,,,,
R - Redefacement (click to view all defacements of this site) ,,,,,,,,,
L - IP address location,,,,,,,,,
 - Special defacement (special defacements are important websites),,,,,,,,,
,,,,,,,,,
Date,Notifier,H,M,R,L,,Domain,OS,View
5/5/2020,Silent_z3r0,,,R,,,schoolportal.punjab.gov.pk/ind...,Win 2012,mirror
4/9/2020,GH057_5P3C706,H,M,,,,jom.fja.gov.pk,Linux,mirror
4/9/2020,GH057_5P3C706,H,M,,,,eji.fja.gov.pk,Linux,mirror
4/9/2020,GH057_5P3C706,H,M,,,,ejiforms.fja.gov.pk,Linux,mirror
4/5/2020,Cyborg,,,,,,www.sindhwildlife.gov.pk/cybad...,Linux,mirror
3/31/2020,ErrOr SquaD,,M,,,,gba.gov.pk/BD.txt,Linux,mirror
3/31/2020,ErrOr SquaD,,M,R,,,fja.gov.pk/BD.txt,Linux,mirror
3/31/2020,ErrOr SquaD,H,M,R,,,governorsindh.gov.pk,Linux,mirror
3/31/2020,ErrOr SquaD,,M,,,,www.ecopsc.gov.pk/BD.txt,Linux,mirror
3/31/2020,ErrOr SquaD,H,M,,,,www.aic.gov.pk,Linux,mirror
3/31/2020,ErrOr SquaD,H,,,,,ogra.gov.pk,Linux,mirror
3/31/2020,ErrOr SquaD,,,,,,districtcourtnorthwaziristan.g...,Linux,mirror
3/25/2020,Hunter Bajwa,,M,,,,elearn.fde.gov.pk/1337.txt,Linux,mirror
3/17/2020,r43h17,H,,,,,www.kppra.gov.pk,Linux,mirror
2/21/2020,Mamad Warning,H,,,,,wwbkp.gov.pk,Win 2012,mirror
12/9/2019,Black-Python,,,R,,,fc.gov.pk/Pwned.html,Linux,mirror
12/7/2019,Black-Python,,,R,,,www.pmd.gov.pk/Pwned.html,Win 2012,mirror
12/7/2019,lulzkid,,,,,,www.smd.gov.pk/index.html,Win 2012,mirror
11/14/2019,404PRESSI,,M,R,,,kpst.kp.gov.pk/404PRESSI.html,Linux,mirror
11/7/2019,404PRESSI,,M,,,,kpdal.gov.pk/404PRESSI.html,Linux,mirror
11/5/2019,404PRESSI,,,R,,,www.pndkp.gov.pk/404PRESSI.html,Linux,mirror
10/15/2019,Family Attack Cyber,H,M,R,,,pmajk.gov.pk,Linux,mirror
10/15/2019,C0RT3X,,M,R,,,law.ajk.gov.pk/t3x.htm,Linux,mirror
10/15/2019,C0RT3X,,M,R,,,home.ajk.gov.pk/t3x.htm,Linux,mirror
10/15/2019,C0RT3X,,M,R,,,health.ajk.gov.pk/t3x.htm,Linux,mirror
10/15/2019,C0RT3X,,M,R,,,livestock.ajk.gov.pk/t3x.htm,Linux,mirror
10/15/2019,C0RT3X,,M,R,,,forest.ajk.gov.pk/t3x.htm,Linux,mirror
10/15/2019,C0RT3X,,M,R,,,finance.ajk.gov.pk/t3x.htm,Linux,mirror
10/15/2019,C0RT3X,,M,R,,,itb.ajk.gov.pk/t3x.htm,Linux,mirror
10/15/2019,C0RT3X,,M,R,,,auqaf.ajk.gov.pk/t3x.htm,Linux,mirror
10/15/2019,C0RT3X,,M,R,,,ajktourism.gov.pk/t3x.htm,Linux,mirror
10/15/2019,C0RT3X,,M,R,,,ajk.gov.pk/t3x.htm,Linux,mirror
10/15/2019,C0RT3X,,,,,,presidentajk.gov.pk/t3x.htm,Linux,mirror
10/9/2019,0x1998,H,,,,,cse.gov.pk,Linux,mirror
9/20/2019,0x1998,H,,,,,www.wcap.gov.pk,Linux,mirror
9/3/2019,404PRESSI,,M,,,,rtw.sindh.gov.pk/india.php,Linux,mirror
9/3/2019,404PRESSI,,M,,,,universitiesboards.sindh.gov.p...,Linux,mirror
9/3/2019,404PRESSI,,M,,,,sindhhec.sindh.gov.pk/india.php,Linux,mirror
9/3/2019,404PRESSI,,M,,,,culture.sindh.gov.pk/india.php,Linux,mirror
9/3/2019,404PRESSI,,M,,,,zda.sindh.gov.pk/india.php,Linux,mirror
9/3/2019,404PRESSI,,M,,,,health.sindh.gov.pk/india.php,Linux,mirror
8/30/2019,Cwne,,M,R,,,sargodhapolice.gov.pk/pages.ph...,Linux,mirror
8/30/2019,Cwne,,M,R,,,lahorepolice.gov.pk/pages.php?...,Linux,mirror
8/30/2019,Cwne,,M,R,,,gujratpolice.gov.pk/pages.php?...,Linux,mirror
8/30/2019,Muhammad Bilal,H,,R,,,pepco.gov.pk,FreeBSD,mirror
8/16/2019,mhamdi_jeber,,,,,,purazm.gov.pk/js.php,Linux,mirror
8/14/2019,404PRESSI,,M,R,,,prisons.sindh.gov.pk/india.php,Linux,mirror
8/14/2019,404PRESSI,,M,R,,,skaa.sindh.gov.pk/india.php,Linux,mirror
8/14/2019,404PRESSI,,M,R,,,pwd.sindh.gov.pk/india.php,Linux,mirror
8/14/2019,404PRESSI,,M,R,,,lgd.sindh.gov.pk/india.php,Linux,mirror
8/14/2019,404PRESSI,,M,R,,,livestock.sindh.gov.pk/india.php,Linux,mirror
8/14/2019,404PRESSI,,M,R,,,cmit.sindh.gov.pk/india.php,Linux,mirror
8/14/2019,404PRESSI,,M,R,,,phenrd.sindh.gov.pk/india.php,Linux,mirror
8/14/2019,404PRESSI,,M,R,,,mohtasib.sindh.gov.pk/india.php,Linux,mirror
8/14/2019,404PRESSI,,M,R,,,istd.sindh.gov.pk/india.php,Linux,mirror
8/14/2019,404PRESSI,,M,R,,,fd.sindh.gov.pk/india.php,Linux,mirror
8/14/2019,D4RKNE55,,,R,,,irrigation.sindh.gov.pk/back.html,Linux,mirror
8/14/2019,D4RKNE55,,M,,,,cm.sindh.gov.pk/back.html,Linux,mirror
8/14/2019,D4RKNE55,,M,,,,governor.sindh.gov.pk/back.html,Linux,mirror
8/14/2019,D4RKNE55,,M,R,,,sgacd.sindh.gov.pk/back.html,Linux,mirror
8/14/2019,D4RKNE55,,M,,,,pnd.sindh.gov.pk/back.html,Linux,mirror
8/14/2019,D4RKNE55,,M,R,,,swd.sindh.gov.pk/back.html,Linux,mirror
8/14/2019,D4RKNE55,,M,,,,information.sindh.gov.pk/back....,Linux,mirror
8/14/2019,D4RKNE55,,M,,,,scsw.sindh.gov.pk/back.html,Linux,mirror
8/14/2019,D4RKNE55,,M,,,,agri.sindh.gov.pk/back.html,Linux,mirror
8/6/2019,xOOmxOOm1,,M,,,,www.cmkp.gov.pk/pwned.html,Linux,mirror
7/24/2019,M3sicth,,,R,,,www.lesco.gov.pk/Relaz.html,Win 2008,mirror
7/15/2019,cyber_hunter,,,R,,,www.bahawalpur.gov.pk/r00t.txt,Linux,mirror
6/29/2019,cyber_hunter,,,R,,,lyallpurmuseum.gov.pk/r00t.txt,Linux,mirror
6/20/2019,Panataran,H,,R,,,epw.gov.pk,Linux,mirror
6/17/2019,h0d3_g4n,,M,,,,csa.gov.pk/raiz.html,Unknown,mirror
2/16/2019,mikewaals,H,,,,,wapdahealthcare.gov.pk,Linux,mirror
2/5/2019,Abdellah Elmaghribi,H,,,,,customspreventivelahore.gov.pk,Linux,mirror
1/30/2019,Royal Battler BD,H,,R,,,www.ncsw.gov.pk,Linux,mirror
12/18/2018,Gang Dz,,,,,,www.fgpc.gov.pk/dz.php,Linux,mirror
11/27/2018,5H311_1NJ3C706,,,R,,,abbottabad.financekpp.gov.pk/cwd/,Linux,mirror
11/27/2018,5H311_1NJ3C706,,M,R,,,bannu.financekpp.gov.pk/cwd/,Linux,mirror
11/27/2018,5H311_1NJ3C706,,M,R,,,batagram.financekpp.gov.pk/cwd/,Linux,mirror
11/27/2018,5H311_1NJ3C706,,M,R,,,buner.financekpp.gov.pk/cwd/,Linux,mirror
11/27/2018,5H311_1NJ3C706,,,R,,,charsadda.financekpp.gov.pk/cwd/,Linux,mirror
11/27/2018,5H311_1NJ3C706,,M,R,,,chitral.financekpp.gov.pk/cwd/,Linux,mirror
11/27/2018,5H311_1NJ3C706,,M,R,,,dikhan.financekpp.gov.pk/cwd/,Linux,mirror
11/27/2018,5H311_1NJ3C706,,M,R,,,hangu.financekpp.gov.pk/cwd/,Linux,mirror
11/27/2018,5H311_1NJ3C706,,M,R,,,haripur.financekpp.gov.pk/cwd/,Linux,mirror
11/27/2018,5H311_1NJ3C706,,M,R,,,kohistan.financekpp.gov.pk/cwd/,Linux,mirror
11/4/2018,Ramil Feyziyev,,M,R,,,www.becs.gov.pk/heraklesramil.php,Linux,mirror
10/28/2018,ErrOr SquaD,,,R,,,www.pdma.gov.pk/king.txt,Linux,mirror
10/24/2018,Indonesia To World Team,,,R,,,fata.gov.pk/0.html,FreeBSD,mirror
10/21/2018,cyber_hunter,,,,,,pcsir-khi.gov.pk/r00t.txt,Linux,mirror
10/19/2018,Jiwa Kegelapan Team,,,,,,dtt.gsp.gov.pk/x.html,Linux,mirror
10/13/2018,TorjanX,,,R,,,www.fto.gov.pk/NewsnEvents.php,Unknown,mirror
10/10/2018,Cod3.Gr4y,,,,,,fc.gov.pk/G.htm,Linux,mirror
10/8/2018,Hunter Bajwa,,M,,,,track.cadd.gov.pk/1337.php,Linux,mirror
10/8/2018,Hunter Bajwa,,M,,,,erp.fde.gov.pk/1337.php,Linux,mirror
10/8/2018,Hunter Bajwa,,M,,,,fgpc.cadd.gov.pk/1337.php,Linux,mirror
10/8/2018,Hunter Bajwa,,M,,,,grievancecell.fde.gov.pk/1337.php,Linux,mirror
10/8/2018,Hunter Bajwa,,M,,,,mos.cadd.gov.pk/1337.php,Linux,mirror
10/8/2018,Hunter Bajwa,,,,,,ncsw.cadd.gov.pk/1337.php,Linux,mirror
10/8/2018,Hunter Bajwa,,M,,,,new.fde.gov.pk/1337.php,Linux,mirror
10/8/2018,Hunter Bajwa,,M,,,,projects.cadd.gov.pk/1337.php,Linux,mirror
10/8/2018,Hunter Bajwa,,M,,,,seo.cadd.gov.pk/1337.php,Linux,mirror
10/8/2018,Hunter Bajwa,,M,,,,support.fde.gov.pk/1337.php,Linux,mirror
10/8/2018,Hunter Bajwa,,M,,,,emis.fde.gov.pk/1337.php,Linux,mirror
10/8/2018,Hunter Bajwa,,M,,,,gemis.fde.gov.pk/1337.php,Linux,mirror
10/4/2018,Hunter Bajwa,H,,,,,mci.gov.pk,Linux,mirror
10/4/2018,Hunter Bajwa,H,M,,,,peira.gov.pk,Linux,mirror
10/4/2018,Hunter Bajwa,H,,,,,socialwelfare.gov.pk,Linux,mirror
10/4/2018,Hunter Bajwa,H,,,,,cadd.gov.pk,Linux,mirror
10/4/2018,Hunter Bajwa,H,,,,,fde.gov.pk,Linux,mirror
10/4/2018,Hunter Bajwa,H,,R,,,mocad.gov.pk,Linux,mirror
10/4/2018,Hunter Bajwa,H,,,,,pakistancoastguards.gov.pk,Linux,mirror
9/19/2018,ErrOr SquaD,,,R,,,www.swkpk.gov.pk/king.html,Linux,mirror
9/18/2018,ErrOr SquaD,,,R,,,sunkp.gov.pk/king.html,Linux,mirror
9/18/2018,ErrOr SquaD,,,R,,,www.pakp.gov.pk/king.html,Linux,mirror
9/16/2018,Kashmiri_Ch33t2h,H,,R,,,sindhlaws.gov.pk,Win 2012,mirror
8/31/2018,Hunter Bajwa,H,,,,,districtcourtthatta.gov.pk,Linux,mirror
8/29/2018,cyber_hunter,,,,,,fio.gov.pk/r00t.txt,Linux,mirror
8/25/2018,Asakir,H,,R,,,plantprotection.gov.pk,Linux,mirror
8/20/2018,cyber_hunter,,,,,,ipms.kpdata.gov.pk/r00t.txt,Linux,mirror
8/20/2018,cyber_hunter,,M,,,,inspections.kpdata.gov.pk/r00t...,Linux,mirror
8/20/2018,cyber_hunter,,M,,,,dgipr.kpdata.gov.pk/r00t.txt,Linux,mirror
8/20/2018,cyber_hunter,,M,,,,pfm.kpdata.gov.pk/r00t.txt,Linux,mirror
8/20/2018,cyber_hunter,,M,,,,www.pndkp.gov.pk/r00t.txt,Linux,mirror
8/20/2018,cyber_hunter,,M,,,,kpminerals.gov.pk/r00t.txt,Linux,mirror
8/16/2018,m1r0U,,M,R,,,www.kprti.gov.pk/z.txt,Linux,mirror
8/16/2018,m1r0U,,,,,,www.healthkp.gov.pk/z.txt,Linux,mirror
8/14/2018,MiCkeY HeXx,H,,,,,pf.radio.gov.pk,Linux,mirror
8/14/2018,MiCkeY HeXx,,M,,,,newsimage.radio.gov.pk/index.html,Linux,mirror
8/14/2018,MiCkeY HeXx,H,M,,,,caimage.radio.gov.pk,Linux,mirror
8/14/2018,Pak Monster,H,,R,,,schoolportal.punjab.gov.pk,Win 2012,mirror
8/8/2018,MiCkeY HeXx,,,R,,,radar.pmd.gov.pk/islamabad/,Win 2012,mirror
8/8/2018,MiCkeY HeXx,,M,R,,,rmcpunjab.pmd.gov.pk/forecast/,Win 2012,mirror
8/8/2018,MiCkeY HeXx,H,M,R,,,seismic.pmd.gov.pk,Win 2012,mirror
8/7/2018,5h311_1nj3c706,,,,,,abbottabaddc.peshawarhighcourt...,Linux,mirror
8/7/2018,5h311_1nj3c706,,M,,,,haripurdc.peshawarhighcourt.go...,Linux,mirror
8/3/2018,SAHARA H4xOR,,,,,,ojs.jar.punjab.gov.pk/public/s...,Linux,mirror
6/25/2018,./r0cky_n00bz,,M,,,,phenrd.sindh.gov.pk/iya.html,Linux,mirror
6/25/2018,./r0cky_n00bz,,M,,,,fd.sindh.gov.pk/iya.html,Linux,mirror
6/25/2018,./r0cky_n00bz,,M,,,,cmit.sindh.gov.pk/iya.html,Linux,mirror
6/25/2018,./r0cky_n00bz,,M,,,,istd.sindh.gov.pk/iya.html,Linux,mirror
6/25/2018,./r0cky_n00bz,,M,,,,sgacd.sindh.gov.pk/iya.html,Linux,mirror
6/25/2018,./r0cky_n00bz,,M,,,,pwd.sindh.gov.pk/iya.html,Linux,mirror
6/25/2018,./r0cky_n00bz,,M,,,,prisons.sindh.gov.pk/iya.html,Linux,mirror
6/25/2018,./r0cky_n00bz,,M,,,,lgd.sindh.gov.pk/iya.html,Linux,mirror
6/25/2018,./r0cky_n00bz,,M,,,,swd.sindh.gov.pk/iya.html,Linux,mirror
6/25/2018,./r0cky_n00bz,,M,,,,transport.sindh.gov.pk/iya.html,Linux,mirror
6/25/2018,./r0cky_n00bz,,M,,,,skaa.sindh.gov.pk/iya.html,Linux,mirror
6/25/2018,./r0cky_n00bz,,M,,,,livestock.sindh.gov.pk/iya.html,Linux,mirror
6/25/2018,./r0cky_n00bz,,M,,,,mohtasib.sindh.gov.pk/iya.html,Linux,mirror
6/25/2018,./r0cky_n00bz,,M,,,,minorityaffairs.sindh.gov.pk/i...,Linux,mirror
6/25/2018,./r0cky_n00bz,,M,,,,irrigation.sindh.gov.pk/iya.html,Linux,mirror
6/4/2018,Unit 69010,H,,R,,,www.agfp.gov.pk,Linux,mirror
6/3/2018,chitoge,H,,,,,pips.gov.pk,Linux,mirror
5/19/2018,Pak MOnster,,M,,,,pof.gov.pk/updateData_tech.php,Linux,mirror
5/14/2018,MiCkeY HeXx,H,,R,,,namc.pmd.gov.pk,Win 2012,mirror
5/11/2018,Black-Python,,,,,,www.kpsports.gov.pk/pwned.html,Linux,mirror
5/3/2018,ErrOr SquaD,H,M,R,,,www.sindhhighcourt.gov.pk,Win 2008,mirror
5/3/2018,ErrOr SquaD,H,,,,,www.shc.gov.pk,Win 2008,mirror
4/27/2018,5H311_1NJ3C706,,M,R,,,www.dgdp.gov.pk/i~crew.html,Linux,mirror
4/27/2018,5H311_1NJ3C706,,M,R,,,fab.gov.pk/i~crew.html,Linux,mirror
4/27/2018,5H311_1NJ3C706,,M,R,,,ljcp.gov.pk/i~crew.html,Linux,mirror
4/27/2018,5H311_1NJ3C706,,M,R,,,www.agp.gov.pk/images/i~crew.html,Linux,mirror
4/27/2018,5H311_1NJ3C706,,M,R,,,www.estate-office.gov.pk/img/i...,Linux,mirror
4/20/2018,MuhmadEmad,,,R,,,mes.gov.pk/krd.html,Linux,mirror
4/20/2018,BALA SNIPER,,,R,,,sco.gov.pk/index.php,Linux,mirror
4/19/2018,ErrOr SquaD,,,R,,,ptb.gov.pk/log.txt,Linux,mirror
4/15/2018,ErrOr SquaD,H,,,,,www.pkha.gov.pk,Linux,mirror
4/4/2018,Serizawa404,H,,,,,afip.gov.pk,Linux,mirror
3/31/2018,error1046,,,R,,,www.wapda.gov.pk/license.html,Linux,mirror
3/15/2018,Ali Duzlawi097,,,,,,schools.kpese.gov.pk/iq.txt,Linux,mirror
3/5/2018,Weedatae,,,R,,,ndma.gov.pk/a.txt,Win 2008,mirror
2/26/2018,./51N1CH1,,M,,,,frontierarchaeologykp.gov.pk/l...,Linux,mirror
2/26/2018,./51N1CH1,,,R,,,www.pitac.gov.pk/list.htm,Linux,mirror
2/12/2018,MiCkeY HeXx,H,,R,,,irrigation.punjab.gov.pk,Win 2008,mirror
2/3/2018,ErrOr SquaD,,,R,,,www.kpbos.gov.pk/BD.html,Linux,mirror
1/20/2018,Team_CC,,M,R,,,lyallpurmuseum.gov.pk/rebel.html,Linux,mirror
1/20/2018,Team_CC,,M,R,,,faisalabadartscouncil.gov.pk/r...,Linux,mirror
1/14/2018,MiCkeY HeXx,H,,,,,districtcourtsmianwali.gov.pk,Linux,mirror
1/1/2018,5H311_1NJ3C706,H,M,,,,ptclahore.gov.pk,Linux,mirror
12/31/2017,!hR V1Ru5,,,,,,balochistanculture.gov.pk/ihrv...,Linux,mirror
12/29/2017,alqwat,,,,,,www.kpdigitalwoman.gov.pk/s.txt,Linux,mirror
11/22/2017,Hacked By Zeeshan Haxor,H,,R,,,www.punjabfisheries.gov.pk,Linux,mirror
11/7/2017,KidSZonk,,,,,,lgkp.gov.pk/o.txt,Linux,mirror
10/24/2017,Jinnah,,,,,,www.hmckp.gov.pk/index.html,Linux,mirror
10/17/2017,jok3r,,,R,,,sargodhapolice.gov.pk/editor-i...,Linux,mirror
10/12/2017,ErrOr SquaD,,M,,,,kohistan.financekpp.gov.pk/Leg...,Linux,mirror
10/12/2017,ErrOr SquaD,,M,,,,karak.financekpp.gov.pk/Legion...,Linux,mirror
10/12/2017,ErrOr SquaD,,M,,,,lakkimarwat.financekpp.gov.pk/...,Linux,mirror
10/12/2017,ErrOr SquaD,,M,,,,lowerdir.financekpp.gov.pk/Leg...,Linux,mirror
10/12/2017,ErrOr SquaD,,M,,,,malakand.financekpp.gov.pk/Leg...,Linux,mirror
10/12/2017,ErrOr SquaD,,M,,,,mansehra.financekpp.gov.pk/Leg...,Linux,mirror
10/12/2017,ErrOr SquaD,,M,,,,mardan.financekpp.gov.pk/Legio...,Linux,mirror
10/12/2017,ErrOr SquaD,,M,,,,nowshera.financekpp.gov.pk/Leg...,Linux,mirror
10/12/2017,ErrOr SquaD,,M,,,,shangla.financekpp.gov.pk/Legi...,Linux,mirror
10/12/2017,ErrOr SquaD,,M,,,,swabi.financekpp.gov.pk/Legion...,Linux,mirror
10/12/2017,ErrOr SquaD,,M,,,,upperdir.financekpp.gov.pk/Leg...,Linux,mirror
10/12/2017,ErrOr SquaD,,M,,,,tank.financekpp.gov.pk/Legion....,Linux,mirror
10/12/2017,ErrOr SquaD,,M,,,,torghar.financekpp.gov.pk/Legi...,Linux,mirror
10/12/2017,ErrOr SquaD,,M,,,,swat.financekpp.gov.pk/Legion....,Linux,mirror
10/12/2017,ErrOr SquaD,,M,,,,abbottabad.financekpp.gov.pk/L...,Linux,mirror
10/12/2017,ErrOr SquaD,,M,,,,bannu.financekpp.gov.pk/Legion...,Linux,mirror
10/12/2017,ErrOr SquaD,,M,,,,batagram.financekpp.gov.pk/Leg...,Linux,mirror
10/12/2017,ErrOr SquaD,,M,,,,buner.financekpp.gov.pk/Legion...,Linux,mirror
10/12/2017,ErrOr SquaD,,M,,,,charsadda.financekpp.gov.pk/Le...,Linux,mirror
10/12/2017,ErrOr SquaD,,M,,,,chitral.financekpp.gov.pk/Legi...,Linux,mirror
10/12/2017,ErrOr SquaD,,M,,,,dikhan.financekpp.gov.pk/Legio...,Linux,mirror
10/12/2017,ErrOr SquaD,,M,,,,hangu.financekpp.gov.pk/Legion...,Linux,mirror
10/12/2017,ErrOr SquaD,,M,,,,haripur.financekpp.gov.pk/Legi...,Linux,mirror
10/12/2017,ErrOr SquaD,,M,R,,,kohat.financekpp.gov.pk/Legion...,Linux,mirror
10/12/2017,ErrOr SquaD,,M,R,,,peshawar.financekpp.gov.pk/Leg...,Linux,mirror
10/12/2017,ErrOr SquaD,,,,,,www.financekpp.gov.pk/Legion.html,Linux,mirror
9/29/2017,ErrOr SquaD,,,,,,kpst.kp.gov.pk/Legion.html,Linux,mirror
9/19/2017,ErrOr SquaD,,M,,,,www.billiontreeproject.kp.gov....,Linux,mirror
9/18/2017,ErrOr SquaD,,M,R,,,www.pakp.gov.pk/Legion.html,Linux,mirror
9/16/2017,ErrOr SquaD,H,,,,,sunkp.gov.pk,Linux,mirror
9/12/2017,fallaga team,H,M,,,,www.punjabeblik4d.gov.pk,Linux,mirror
8/21/2017,r43h17,H,,,,,sindhsports.gov.pk,Linux,mirror
8/14/2017,r00t d3str0y3r,H,M,R,,,mpnr.gov.pk,Win 2012,mirror
8/14/2017,r00t d3str0y3r,H,M,R,,,msw.establishment.gov.pk,Win 2012,mirror
8/14/2017,r00t d3str0y3r,H,M,R,,,www.narcon.gov.pk,Win 2012,mirror
8/14/2017,r00t d3str0y3r,H,M,R,,,www.establishment.gov.pk,Win 2012,mirror
8/14/2017,r00t d3str0y3r,H,M,R,,,modp.gov.pk,Win 2012,mirror
8/14/2017,r00t d3str0y3r,H,M,R,,,mocc.gov.pk,Win 2012,mirror
8/14/2017,r00t d3str0y3r,H,M,R,,,www.pmi.gov.pk,Win 2012,mirror
8/14/2017,r00t d3str0y3r,H,M,R,,,mod.gov.pk,Win 2012,mirror
8/14/2017,r00t d3str0y3r,H,M,R,,,www.safron.gov.pk,Win 2012,mirror
8/14/2017,r00t d3str0y3r,H,,R,,,ipc.gov.pk,Win 2012,mirror
7/26/2017,TeaM_CC,,M,,,,districtcourtsbuner.gov.pk/ski...,Linux,mirror
7/17/2017,Mr. Po Panda,H,M,,,,rda.gov.pk,Linux,mirror
7/2/2017,Et04,,,R,,,balochistan.gov.pk/z.html,Linux,mirror
6/30/2017,J()H,H,,,,,seismic.pmd.gov.pk,Win 2012,mirror
6/30/2017,J()H,,M,,,,radar.pmd.gov.pk/islamabad/,Win 2012,mirror
6/30/2017,J()H,,M,,,,rmcpunjab.pmd.gov.pk/forecast/,Win 2012,mirror
6/5/2017,MuhmadEmad,,,,,,www.secp.gov.pk/wp-content/upl...,Linux,mirror
5/25/2017,ifactoryx,,M,,,,o.fbr.gov.pk/d.html,Win 2012,mirror
5/25/2017,ifactoryx,,M,,,,download1.fbr.gov.pk/d.html,Win 2012,mirror
5/25/2017,ifactoryx,,,R,,,www.fbr.gov.pk/d.html,Win 2016,mirror
5/25/2017,evil-net,H,M,R,,,www.fja.gov.pk,Unknown,mirror
5/2/2017,KuzoTR,,,R,,,radp.gov.pk/images/kuzo.txt,Linux,mirror
4/29/2017,Bipin Jitiya,H,,R,,,schoolportal.punjab.gov.pk,Win 2008,mirror
4/10/2017,r00t d3str0y3r,,M,R,,,www.fda.gov.pk/assets,Win 2012,mirror
4/10/2017,r00t d3str0y3r,,,R,,,www.faisalabad.gov.pk/assets,Win 2012,mirror
4/10/2017,r00t d3str0y3r,,M,,,,zc.faisalabad.gov.pk/assets/,Win 2012,mirror
4/10/2017,r00t d3str0y3r,,M,,,,da.faisalabad.gov.pk/assets/,Win 2012,mirror
4/10/2017,r00t d3str0y3r,,M,,,,mc.faisalabad.gov.pk/assets,Win 2012,mirror
4/10/2017,r00t d3str0y3r,H,,,,,pakpattan.gov.pk,Linux,mirror
4/9/2017,r00t d3str0y3r,H,,R,,,www.ncsw.gov.pk,Linux,mirror
4/9/2017,IND CODER,,,R,,,tsfc.gov.pk/indcoder.html,Unknown,mirror
4/5/2017,Faisal 1337,H,,R,,,fpsc.gov.pk,Linux,mirror
3/6/2017,Team System Dz,,,,,,mip.pta.gov.pk/qos/NcPro.html,Win 2008,mirror
2/4/2017,Tsunami Faction,H,,,,,bisp.gov.pk,Win 2012,mirror
2/3/2017,Mr. Po Panda,H,,R,,,kpbos.gov.pk,Linux,mirror
1/23/2017,RxR,H,M,R,,,ndma.gov.pk,Win 2008,mirror
1/23/2017,RxR,,,,,,nidm.gov.pk/index.php,Win 2008,mirror
1/21/2017,Mr. Po Panda,H,,R,,,mona.gov.pk,Linux,mirror
1/15/2017,Mr.X3r0,,,R,,,sindhforests.gov.pk/ind3x.htm,Linux,mirror
1/10/2017,Shade,H,,,,,sindhhealth.gov.pk,Linux,mirror
12/28/2016,chinahacker,,,R,,,irrigation.punjab.gov.pk/c.htm,Win 2008,mirror
12/24/2016,D@rk sH@d0W,,M,R,,,poultry.punjab.gov.pk/x.htm,Win 2008,mirror
12/24/2016,D@rk sH@d0W,,M,R,,,spis.punjab.gov.pk/x.htm,Win 2008,mirror
12/24/2016,D@rk sH@d0W,,M,R,,,epi.punjab.gov.pk/x.htm,Win 2008,mirror
12/24/2016,D@rk sH@d0W,,M,R,,,vmis.punjab.gov.pk/x.htm,Win 2008,mirror
12/24/2016,D@rk sH@d0W,,,R,,,www.hrmis.punjab.gov.pk/x.htm,Win 2008,mirror
12/19/2016,Tev3r_Dark,,M,,,,pesco.gov.pk/aspnet_client/2.txt,Win 2003,mirror
12/10/2016,BD GERY HAT HACKERS,H,,R,,,kpitb.gov.pk,Linux,mirror
11/27/2016,D4S H4XOR,H,,,,,www.kprti.gov.pk,Linux,mirror
11/26/2016,Mr Anonymous,,,R,,,www.csd.gov.pk/dac.txt,Win 2008,mirror
11/21/2016,4N0N_5P1D3R,,,,,,kgnthbannu.gov.pk/kcwmumbaipay...,Linux,mirror
10/27/2016,BY DRISS,,,R,,,imis.irrigation.punjab.gov.pk/...,Win 2008,mirror
10/13/2016,Don-2,,,,,,mail2.tdap.gov.pk/index.html,Linux,mirror
10/10/2016,LINUX STUNTER,,,,,,www.shpdkp.gov.pk/me.html,Linux,mirror
10/1/2016,./51N1CH1,,M,R,,,www.becs.gov.pk/new.html,Linux,mirror
10/1/2016,./51N1CH1,H,,,,,agribaltistan.gov.pk,Linux,mirror
9/22/2016,./elro-BN404,,M,R,,,fatada.gov.pk/idb.html,Linux,mirror
9/19/2016,Indishell,,M,R,,,www.ppqp.gov.pk/jobs.php,Linux,mirror
9/15/2016,?Mr.bonz-101,,M,,,,natco.gov.pk/emails/html.html,Linux,mirror
8/30/2016,RED DEVILS,,M,R,,,electricity.ajk.gov.pk/rd.png,Win 2008,mirror
8/30/2016,RxR,,,,,,coop.gov.pk/rxr.htm,Linux,mirror
8/30/2016,RxR,,M,R,,,ptb.gov.pk/rxr.htm,Linux,mirror
8/26/2016,Indonesian Cyber Freedom,H,M,,,,agric.kp.gov.pk,Linux,mirror
8/26/2016,Indonesian Cyber Freedom,H,M,,,,www.culture.kp.gov.pk,Linux,mirror
8/26/2016,Indonesian Cyber Freedom,H,M,R,,,khyberpakhtunkhwa.gov.pk,Linux,mirror
8/26/2016,Indonesian Cyber Freedom,H,M,,,,kp.gov.pk,Linux,mirror
8/26/2016,Indonesian Cyber Freedom,H,M,R,,,www.hdkp.gov.pk,Linux,mirror
8/26/2016,Indonesian Cyber Freedom,H,M,,,,kptbb.gov.pk,Linux,mirror
8/26/2016,Indonesian Cyber Freedom,H,,R,,,www.dost.gov.pk,Linux,mirror
8/22/2016,D4RK 4NG31,,M,R,,,enercon.gov.pk/new/d.txt,Linux,mirror
8/22/2016,D4RK 4NG31,,M,R,,,mocad.gov.pk/new/d.txt,Linux,mirror
8/22/2016,D4RK 4NG31,,M,,,,nhsrc.gov.pk/new/d.txt,Linux,mirror
8/22/2016,D4RK 4NG31,,M,R,,,kana.gov.pk/new/d.txt,Linux,mirror
8/22/2016,D4RK 4NG31,,M,R,,,mora.gov.pk/new/d.txt,Linux,mirror
8/22/2016,D4RK 4NG31,,M,,,,mohr.gov.pk/new/d.txt,Linux,mirror
8/22/2016,D4RK 4NG31,,M,R,,,dra.gov.pk/mnhr/new/d.txt,Linux,mirror
8/22/2016,D4RK 4NG31,,M,R,,,ophrd.gov.pk/complaints/d.txt,Linux,mirror
8/21/2016,Kuroi'SH,,,R,,,ldc.gov.pk/AnonCoders.php,Linux,mirror
8/20/2016,D4RK 4NG31,,M,R,,,www.mopa.gov.pk/d.txt,Linux,mirror
8/19/2016,D4RK 4NG31,,,,,,cpec.gov.pk/test.php,Linux,mirror
8/8/2016,Witch3r,,M,,,,www.overseaspakistanis.ombudsm...,Linux,mirror
7/29/2016,Ashiyane Digital Security Team,,M,R,,,sargodhapolice.gov.pk/editor-i...,Linux,mirror
7/28/2016,Ashiyane Digital Security Team,,,,,,www.punjablabour.gov.pk/Turk.txt,Linux,mirror
7/18/2016,chinafans,,,,,,www.dgmp.gov.pk/xx.htm,Linux,mirror
7/6/2016,AN0N.PH03N1X,,,R,,,domicile.punjab.gov.pk/index1....,Win 2008,mirror
6/8/2016,ThugL1fe,,,,,,fatatribunal.gov.pk/detail.php...,Linux,mirror
5/13/2016,1nd_h4ckerHerok,,,R,,,intranet.npo.gov.pk/index.php,Linux,mirror
3/22/2016,Exploiter-Albania,,,,,,vnew.lmis.gov.pk/x.txt,Linux,mirror
3/10/2016,3xp1r3,,,R,,,npo.gov.pk/root.php,Linux,mirror
2/22/2016,R4J H4xX0r,,,,,,rsu-sindh.gov.pk/R4J.html,Win 2003,mirror
2/17/2016,error1046,H,,,,,dotpost.pakpost.gov.pk,Unknown,mirror
2/17/2016,error1046,,M,R,,,www.nibaf.gov.pk/index.php,Unknown,mirror
2/17/2016,error1046,H,M,R,,,ipdf.gov.pk,Unknown,mirror
1/4/2016,Muhammad Bilal,,,R,,,domicile.punjab.gov.pk/gonawaz...,Win 2008,mirror
12/26/2015,Kuroi'SH,,,,,,cdtp.gov.pk/i.php,Linux,mirror
12/23/2015,Fallaga Team,H,,R,,,fata.gov.pk,FreeBSD,mirror
12/17/2015,LUN4T1C0,,,,,,anfbalochistan.gov.pk/x.txt,Linux,mirror
12/4/2015,Hunter Gujjar,H,,R,,,cbsialkot.gov.pk,Linux,mirror
11/26/2015,IND CODER,,,,,,mona.gov.pk/26-tribute.html,Linux,mirror
11/22/2015,BLACKSMITH HACKERS,,M,R,,,poultry.punjab.gov.pk/x.htm,Win 2008,mirror
11/22/2015,BLACKSMITH HACKERS,H,,R,,,spis.punjab.gov.pk,Win 2008,mirror
11/18/2015,HaxOr Albania,,M,,,,www.sialkotpolice.gov.pk/source/,Linux,mirror
11/12/2015,R4X,,M,R,,,www.na.gov.pk/pac/r4X.HtmL,Linux,mirror
10/22/2015,hasnain haxor,,M,R,,,www.mes.gov.pk/phc.html,Unknown,mirror
10/16/2015,ArYaNZ KhaN,H,,R,,,environment.gov.pk,Linux,mirror
10/16/2015,Index Php,,,,,,www.pakp.gov.pk/2013/_input_3_...,Linux,mirror
10/14/2015,ArYaNZ KhaN,H,M,,,,senate.gov.pk,Linux,mirror
10/14/2015,TRAFIQUANT,H,M,,,,www.pbs.gov.pk,Linux,mirror
10/14/2015,Al-Far3aPirate,,M,,,,fa.ajk.gov.pk/aqsa.php,Win 2008,mirror
10/14/2015,ArYaNZ KhaN,H,M,,,,www.kpitb.gov.pk,Linux,mirror
10/12/2015,in73ct0r d3vil,H,,,,,pcsi.gov.pk,Linux,mirror
10/7/2015,Muhammad Bilal,,,R,,,poultry.punjab.gov.pk/goNawazG...,Win 2008,mirror
10/6/2015,~SaHoo~,H,,,,,www.tdap.gov.pk,Linux,mirror
9/23/2015,Kashif HaxOr,,,,,,mspkp.gov.pk/warning.php,Linux,mirror
9/22/2015,ZombiE_KsA,H,M,,,,www.interior.gov.pk,Linux,mirror
9/14/2015,ArYaNZ KhaN,H,M,R,,,rawalpindi.gov.pk,Win 2008,mirror
9/11/2015,VIRkid,,,R,,,wapda.gov.pk/htmls/rptnewsdeta...,Win 2003,mirror
9/10/2015,HUNT3R,H,M,,,,www.anf.gov.pk,Linux,mirror
9/8/2015,Code Breaker,,M,R,,,namc.pmd.gov.pk/x1.html,Win 2003,mirror
9/8/2015,Code Breaker,H,M,R,,,ffd.pmd.gov.pk,Win 2003,mirror
9/8/2015,Code Breaker,,M,R,,,nwfc.pmd.gov.pk/x.html,Win 2003,mirror
9/8/2015,Code Breaker,H,M,R,,,aws.pmd.gov.pk,Win 2003,mirror
9/8/2015,Code Breaker,H,M,R,,,drought.pmd.gov.pk,Win 2003,mirror
9/8/2015,Freedom Cry,,,R,,,rnd.pmd.gov.pk/index.htm,Win 2003,mirror
9/8/2015,Muhammad Bilal,,,R,,,cccexcise.punjab.gov.pk/config...,Win 2008,mirror
9/3/2015,C&C,H,M,,,,www.mod.gov.pk,Unknown,mirror
8/31/2015,AlfabetoVirtual,,,,,,www.becs.gov.pk/a.htm,Linux,mirror
8/24/2015,VirtuaL,H,,,,,plantprotection.gov.pk,Linux,mirror
8/6/2015,cyber-71,H,M,,,,agfp.gov.pk,Linux,mirror
8/1/2015,hax3xploit,,M,,,,atir.gov.pk/x.html,Linux,mirror
7/28/2015,BD GREY HAT HACKERS,,M,,,,pmd.gov.pk/index.php,Win 2003,mirror
7/28/2015,BD GREY HAT HACKERS,H,,R,,,pjm.pmd.gov.pk,Win 2003,mirror
7/24/2015,siyahi,H,,,,,www.districtcourtsmirpurkhas.g...,Linux,mirror
7/17/2015,BLACKSMITH HACKERS,,M,R,,,www.presidentofpakistan.gov.pk...,Linux,mirror
7/17/2015,D@rk sH@d0W,,M,,,,www.surveyofpakistan.gov.pk/web/,Linux,mirror
7/17/2015,BLACKSMITH HACKERS,,,,,,pakistan.gov.pk/web/,Linux,mirror
7/17/2015,BLACKSMITH HACKERS,,M,R,,,president.gov.pk/web/,Linux,mirror
7/17/2015,BLACKSMITH HACKERS,,M,,,,estate-office.gov.pk/web/,Linux,mirror
7/17/2015,BLACKSMITH HACKERS,,M,,,,raha.safron.gov.pk/web/,Linux,mirror
7/17/2015,BLACKSMITH HACKERS,,M,,,,msw.establishment.gov.pk/web/,Linux,mirror
7/17/2015,BLACKSMITH HACKERS,,M,,,,ombudsman.gov.pk/web/,Linux,mirror
7/17/2015,BLACKSMITH HACKERS,,M,R,,,pcb.gov.pk/web/,Linux,mirror
7/17/2015,BLACKSMITH HACKERS,,M,R,,,mohtasib.gov.pk/web/,Linux,mirror
7/17/2015,BLACKSMITH HACKERS,,M,,,,dra.gov.pk/web/,Linux,mirror
7/17/2015,BLACKSMITH HACKERS,,M,,,,nationalheritage.gov.pk/web/,Linux,mirror
7/17/2015,BLACKSMITH HACKERS,,M,,,,rti.mocad.gov.pk/web/,Linux,mirror
7/17/2015,BLACKSMITH HACKERS,,M,,,,pmi.gov.pk/web/,Linux,mirror
7/17/2015,BLACKSMITH HACKERS,,M,,,,mocad.gov.pk/web/,Linux,mirror
7/17/2015,BLACKSMITH HACKERS,,M,,,,moent.gov.pk/web/,Linux,mirror
7/17/2015,BLACKSMITH HACKERS,,M,,,,mocc.gov.pk/web/,Linux,mirror
7/17/2015,BLACKSMITH HACKERS,,M,,,,most.gov.pk/web/,Linux,mirror
7/17/2015,BLACKSMITH HACKERS,,M,,,,moit.gov.pk/web/,Linux,mirror
7/17/2015,BLACKSMITH HACKERS,,M,,,,safron.gov.pk/web/,Linux,mirror
7/17/2015,BLACKSMITH HACKERS,,M,,,,mohw.gov.pk/web/,Linux,mirror
7/17/2015,BLACKSMITH HACKERS,,M,,,,ophrd.gov.pk/web/,Linux,mirror
7/17/2015,BLACKSMITH HACKERS,,M,,,,railways.gov.pk/web/,Linux,mirror
7/17/2015,BLACKSMITH HACKERS,,M,,,,ead.gov.pk/web/,Linux,mirror
7/17/2015,BLACKSMITH HACKERS,,M,,,,kana.gov.pk/web/,Linux,mirror
7/17/2015,BLACKSMITH HACKERS,,M,,,,mpnr.gov.pk/web/,Linux,mirror
7/17/2015,BLACKSMITH HACKERS,,M,,,,modp.gov.pk/web/,Linux,mirror
7/17/2015,BLACKSMITH HACKERS,,M,,,,moip.gov.pk/web/,Linux,mirror
7/17/2015,BLACKSMITH HACKERS,,M,,,,communication.gov.pk/web/,Linux,mirror
7/17/2015,BLACKSMITH HACKERS,,M,,,,housing.gov.pk/web/,Linux,mirror
7/17/2015,BLACKSMITH HACKERS,,M,,,,mops.gov.pk/web/,Linux,mirror
7/17/2015,BLACKSMITH HACKERS,,M,,,,culture.gov.pk/web/,Linux,mirror
7/17/2015,BLACKSMITH HACKERS,,M,,,,mora.gov.pk/web/,Linux,mirror
7/17/2015,BLACKSMITH HACKERS,,M,,,,textile.gov.pk/web/,Linux,mirror
7/17/2015,BLACKSMITH HACKERS,,M,,,,mowp.gov.pk/web/,Linux,mirror
7/17/2015,BLACKSMITH HACKERS,,M,,,,cabinet.gov.pk/web/,Linux,mirror
7/17/2015,BLACKSMITH HACKERS,,M,,,,mopa.gov.pk/web/,Linux,mirror
7/17/2015,BLACKSMITH HACKERS,,M,,,,moeas.gov.pk/web/,Linux,mirror
7/17/2015,BLACKSMITH HACKERS,,M,,,,moenv.gov.pk/web/,Linux,mirror
7/17/2015,BLACKSMITH HACKERS,,M,,,,establishment.gov.pk/web/,Linux,mirror
7/17/2015,BLACKSMITH HACKERS,,M,,,,molaw.gov.pk/web/,Linux,mirror
7/17/2015,BLACKSMITH HACKERS,,M,,,,quaid.gov.pk/web/,Linux,mirror
7/17/2015,BLACKSMITH HACKERS,,M,,,,ipc.gov.pk/web/,Linux,mirror
7/17/2015,BLACKSMITH HACKERS,,M,,,,forms.gov.pk/web/,Linux,mirror
7/17/2015,BLACKSMITH HACKERS,,M,,,,e-government.gov.pk/web/,Linux,mirror
7/17/2015,Tunisian Cracker,,M,,,,wildlifeofnwfp.gov.pk/3idekMab...,Linux,mirror
7/16/2015,bRpsd,,,,,,eproc.punjab.gov.pk/Tenders/,Win 2008,mirror
7/14/2015,rummykhan,,M,R,,,www.fto.gov.pk/rummykhan.txt,Linux,mirror
7/11/2015,ProtoWave Reloaded,H,,,,,kpbos.gov.pk,Linux,mirror
7/10/2015,Kai-H4xOrR,,,R,,,www.pepco.gov.pk/tenders/,Unknown,mirror
7/1/2015,IRAQ Cyber Army,,M,,,,www.sindhforests.gov.pk/admin/...,Linux,mirror
6/30/2015,ArYaNZ KhaN,H,,,,,ep.gov.pk,Win 2008,mirror
6/29/2015,EvLaT_,H,,,,,overseas.federalombudsman.gov.pk,Linux,mirror
6/28/2015,flitc0de,H,,R,,,sindhenergy.gov.pk,Linux,mirror
6/28/2015,INDIAN ELITE HACKERS,H,,,,,paithomkp.gov.pk,Linux,mirror
6/23/2015,Maarkesh,,M,R,,,peshawarhighcourt.gov.pk/rep_j...,Linux,mirror
6/18/2015,haxor.jib,,M,R,,,faisalabadpolice.gov.pk/images...,Win 2008,mirror
6/16/2015,Ymh,H,,R,,,punjab-zameen.gov.pk,Win 2012,mirror
6/15/2015,Iranian_Dark_Coders_Team,,M,,,,pjm.pmd.gov.pk/x.html,Win 2003,mirror
6/15/2015,X-Sec Team,H,M,R,,,lcdc.gov.pk,Linux,mirror
6/5/2015,hasnain haxor,H,M,,,,gujranwala.dc.lhc.gov.pk,Win 2008,mirror
5/25/2015,Kai-H4xOrR,,M,,,,urdu.pta.gov.pk/complaint/comp...,FreeBSD,mirror
5/18/2015,El Moujahidin,H,M,R,,,www.infokhyberpakhtunkhwa.gov.pk,Linux,mirror
5/14/2015,security_511,H,,,,,nimlhr.gov.pk,Win 2008,mirror
5/9/2015,D@rk sH@d0W,,,,,,moitt.gov.pk/index.htm,Linux,mirror
4/13/2015,fallaga team,H,M,,,,complaint.dgip.gov.pk,Linux,mirror
4/13/2015,fallaga team,,,R,,,pmad.gov.pk/index.html,Linux,mirror
4/2/2015,general.eshgh,,M,R,,,www.multan.gov.pk/images/,Linux,mirror
3/24/2015,GantengersCrew,,M,R,,,fdma.gov.pk/ERFDMAMIS/Tehsil.php,Linux,mirror
3/23/2015,HolaKo,,,R,,,chk.gov.pk/wp-admin/admin-ajax...,Linux,mirror
3/23/2015,Index Php,,,,,,fatada.gov.pk/wp-admin/admin-a...,Linux,mirror
3/16/2015,VirusDuba,,M,R,,,lrh.gov.pk/blog/,Linux,mirror
3/16/2015,Kuroi'SH,H,,,,,governorssecretariatkp.gov.pk,Linux,mirror
3/11/2015,Cyber Hats,H,,,,,kpese.gov.pk,Win 2008,mirror
3/9/2015,IslamicState,,,,,,pc.gov.pk/wp-admin/admin-ajax....,Linux,mirror
3/2/2015,By_yskr,,,,,,nou.gov.pk/index.html,Linux,mirror
3/1/2015,Pr4th4m,,,R,,,app.hec.gov.pk/rgp/research.asp,Win 2008,mirror
2/27/2015,hasnain haxor,,M,R,,,domicile.punjab.gov.pk/Candida...,Win 2008,mirror
2/27/2015,BD GREY HAT HACKERS,,M,R,,,www.punjabfisheries.gov.pk/kha...,Linux,mirror
2/26/2015,Ali-HAwleRy,,,R,,,gepsp.ajk.gov.pk/ali.gif,Win 2008,mirror
2/22/2015,Ghost_Root,H,,R,,,lodhranpolice.gov.pk,Linux,mirror
2/9/2015,./Coco,H,,R,,,attockpolice.gov.pk,Linux,mirror
2/5/2015,d3b~X,,M,R,,,health.ajk.gov.pk/ganteng.php,Win 2008,mirror
2/2/2015,O-Ghost Hacker,,M,R,,,socialwelfare.ajk.gov.pk/Bl4ck...,Win 2008,mirror
2/2/2015,O-Ghost Hacker,,M,R,,,auqaf.ajk.gov.pk/Bl4ck.gif,Win 2008,mirror
2/2/2015,O-Ghost Hacker,,M,R,,,colleges.ajk.gov.pk/Bl4ck.gif,Win 2008,mirror
2/2/2015,d3b~X,,,R,,,law.ajk.gov.pk/nyet.gif,Win 2008,mirror
1/26/2015,Dciph3r,H,M,,,,www.environmentkp.gov.pk,Linux,mirror
1/18/2015,hacked by mrfikou39,,,R,,,www.downloads.nha.gov.pk/image...,Linux,mirror
1/17/2015,mustireiS,H,,,,,www.anfnorthregion.gov.pk,Linux,mirror
1/15/2015,SultanHaikal,,,R,,,www.ppsc.punjab.gov.pk/UsersRe...,Win 2008,mirror
12/29/2014,Muhammad Bilal,,M,R,,,www.aims.ajk.gov.pk/b0x.html,Win 2008,mirror
12/29/2014,Muhammad Bilal,,M,R,,,www.livestock.ajk.gov.pk/b0x.html,Win 2008,mirror
12/29/2014,O-Ghost Hacker,,M,R,,,pminspection.ajk.gov.pk/So.txt,Win 2008,mirror
12/29/2014,O-Ghost Hacker,,M,R,,,forest.ajk.gov.pk/So.txt,Win 2008,mirror
12/29/2014,O-Ghost Hacker,,M,R,,,schools.ajk.gov.pk/So.txt,Win 2008,mirror
12/29/2014,O-Ghost Hacker,,M,R,,,home.ajk.gov.pk/So.txt,Win 2008,mirror
12/29/2014,O-Ghost Hacker,,M,R,,,overseas.ajk.gov.pk/So.txt,Win 2008,mirror
12/29/2014,d3b~X,,M,R,,,tourism.ajk.gov.pk/nyet.gif,Win 2008,mirror
12/29/2014,d3b~X,,M,R,,,transport.ajk.gov.pk/ganteng.gif,Win 2008,mirror
12/29/2014,d3b~X,,M,R,,,snga.ajk.gov.pk/nyet.gif,Win 2008,mirror
12/29/2014,d3b~X,,M,R,,,localgov.ajk.gov.pk/nyet.gif,Win 2008,mirror
12/29/2014,d3b~X,,M,R,,,industry.ajk.gov.pk/nyet.gif,Win 2008,mirror
12/29/2014,d3b~X,,,R,,,bor.ajk.gov.pk/nyet.gif,Win 2008,mirror
12/17/2014,cyber-71,H,,,,,ptpkp.gov.pk,Linux,mirror
12/16/2014,hasnain haxor,,M,,,,epi.gov.pk/pk.html,Linux,mirror
12/16/2014,hasnain haxor,,M,,,,www.parc.gov.pk/images/pk.html,Linux,mirror
12/16/2014,hasnain haxor,,,R,,,www.dgto.gov.pk/pk.html,Linux,mirror
11/18/2014,HUNT3R,,,,,,www.sindhagrimarketing.gov.pk/...,Linux,mirror
11/5/2014,~SaHoo~,H,M,R,,,www.fef.gov.pk,Linux,mirror
10/25/2014,pk_Robot,H,,,,,www.governmentassurances.gov.pk,Linux,mirror
10/22/2014,Ch0Du,,M,,,,hrmis.irrigation.punjab.gov.pk...,Win 2008,mirror
10/22/2014,Ch0Du,,,,,,ws.irrigation.punjab.gov.pk/in...,Win 2008,mirror
10/12/2014,S:6T_i-#07,H,,,,,ffc.gov.pk,Win 2003,mirror
9/23/2014,dEnny_Attacker,,,R,,,pmajk.gov.pk/q.htm,Win 2008,mirror
9/13/2014,BD GREY HAT HACKERS,H,,,,,irrigationgb.gov.pk,Linux,mirror
9/8/2014,ArYaNZ KhaN,,M,,,,ffd.pmd.gov.pk/phc.html,Win 2003,mirror
9/8/2014,ArYaNZ KhaN,,M,,,,namc.pmd.gov.pk/phc.html,Win 2003,mirror
9/8/2014,ArYaNZ KhaN,,M,,,,nwfc.pmd.gov.pk/phc.html,Win 2003,mirror
9/8/2014,ArYaNZ KhaN,,M,,,,rnd.pmd.gov.pk/phc.html,Win 2003,mirror
9/8/2014,ArYaNZ KhaN,,M,,,,drought.pmd.gov.pk/phc.html,Win 2003,mirror
9/8/2014,ArYaNZ KhaN,,,,,,aws.pmd.gov.pk/phc.html,Win 2003,mirror
8/31/2014,Hexlook,H,,,,,www.doamkp.gov.pk,Linux,mirror
8/29/2014,Muhammad Bilal,,M,R,,,www.vmis.punjab.gov.pk/config.txt,Win 2003,mirror
8/29/2014,Muhammad Bilal,,M,,,,www.epi.punjab.gov.pk/config.txt,Win 2003,mirror
8/29/2014,Muhammad Bilal,,M,,,,www.yellowcab.punjab.gov.pk/co...,Win 2003,mirror
8/29/2014,Muhammad Bilal,,M,,,,egt.punjab.gov.pk/config.txt,Win 2003,mirror
8/29/2014,Muhammad Bilal,,M,R,,,ramzansahulat.punjab.gov.pk/co...,Win 2003,mirror
8/26/2014,Kai-H4xOrR,,M,,,,www.episargodha.punjab.gov.pk/...,Win 2003,mirror
8/26/2014,Kai-H4xOrR,,M,R,,,www.entcollection.punjab.gov.p...,Win 2003,mirror
8/26/2014,Kai-H4xOrR,,,R,,,ccplahore.punjab.gov.pk/secure...,Win 2003,mirror
8/26/2014,Kai-H4xOrR,,M,R,,,www.fjids.punjab.gov.pk/secure...,Win 2003,mirror
8/26/2014,Kai-H4xOrR,,M,R,,,www.hrmis.punjab.gov.pk/secure...,Win 2003,mirror
8/26/2014,Kai-H4xOrR,,M,R,,,www.spis.punjab.gov.pk/secure....,Win 2003,mirror
8/14/2014,Pro_Mast3r,H,,,,,pri.gov.pk,Linux,mirror
8/13/2014,AnonGhost,,M,R,,,imis.irrigation.punjab.gov.pk/...,Win 2008,mirror
8/13/2014,AnonGhost,,,R,,,irrigation.punjab.gov.pk/index...,Win 2008,mirror
7/25/2014,Muhammad Bilal,,M,R,,,www.lhc.gov.pk/index.txt,Win 2008,mirror
7/24/2014,KingSam,,M,,,,lahore.dc.lhc.gov.pk/pce.html,Win 2008,mirror
7/24/2014,KingSam,,M,,,,sheikhupura.dc.lhc.gov.pk/pce....,Win 2008,mirror
7/24/2014,KingSam,,M,,,,sialkot.dc.lhc.gov.pk/pce.html,Win 2008,mirror
7/24/2014,KingSam,,M,,,,hafizabad.dc.lhc.gov.pk/pce.html,Win 2008,mirror
7/24/2014,KingSam,,M,,,,bahawalnagar.dc.lhc.gov.pk/pce...,Win 2008,mirror
7/24/2014,KingSam,,M,,,,jhang.dc.lhc.gov.pk/pce.html,Win 2008,mirror
7/24/2014,KingSam,,M,,,,jhelum.dc.lhc.gov.pk/pce.html,Win 2008,mirror
7/24/2014,KingSam,,M,,,,chakwal.dc.lhc.gov.pk/pce.html,Win 2008,mirror
7/24/2014,KingSam,,M,,,,dgkhan.dc.lhc.gov.pk/pce.html,Win 2008,mirror
7/24/2014,KingSam,,M,,,,chiniot.dc.lhc.gov.pk/pce.html,Win 2008,mirror
7/24/2014,KingSam,,M,,,,khanewal.dc.lhc.gov.pk/pce.html,Win 2008,mirror
7/24/2014,KingSam,,M,,,,lodhran.dc.lhc.gov.pk/pce.html,Win 2008,mirror
7/24/2014,KingSam,,M,,,,muzaffargarh.dc.lhc.gov.pk/pce...,Win 2008,mirror
7/24/2014,KingSam,,M,,,,pakpattan.dc.lhc.gov.pk/pce.html,Win 2008,mirror
7/24/2014,KingSam,,M,,,,rahimyarkhan.dc.lhc.gov.pk/pce...,Win 2008,mirror
7/24/2014,KingSam,,M,,,,rajanpur.dc.lhc.gov.pk/pce.html,Win 2008,mirror
7/24/2014,KingSam,,M,,,,sahiwal.dc.lhc.gov.pk/pce.html,Win 2008,mirror
7/24/2014,KingSam,,M,,,,sargodha.dc.lhc.gov.pk/pce.html,Win 2008,mirror
7/24/2014,KingSam,,M,,,,ttsingh.dc.lhc.gov.pk/pce.html,Win 2008,mirror
7/24/2014,KingSam,,M,R,,,rawalpindi.dc.lhc.gov.pk/pce.html,Win 2008,mirror
7/24/2014,KingSam,,M,R,,,multan.dc.lhc.gov.pk/pce.html,Win 2008,mirror
7/24/2014,KingSam,,M,R,,,nankana.dc.lhc.gov.pk/pce.html,Win 2008,mirror
7/24/2014,KingSam,,M,R,,,bahawalpur.dc.lhc.gov.pk/pce.html,Win 2008,mirror
7/24/2014,KingSam,,M,R,,,narowal.dc.lhc.gov.pk/pce.html,Win 2008,mirror
7/24/2014,KingSam,,M,R,,,okara.dc.lhc.gov.pk/pce.html,Win 2008,mirror
7/24/2014,KingSam,,M,R,,,faisalabad.dc.lhc.gov.pk/pce.html,Win 2008,mirror
7/24/2014,KingSam,,M,R,,,gujrat.dc.lhc.gov.pk/pce.html,Win 2008,mirror
7/24/2014,KingSam,,M,R,,,khushab.dc.lhc.gov.pk/pce.html,Win 2008,mirror
7/24/2014,KingSam,,M,R,,,attock.dc.lhc.gov.pk/pce.html,Win 2008,mirror
7/24/2014,KingSam,,M,R,,,kasur.dc.lhc.gov.pk/pce.html,Win 2008,mirror
7/24/2014,KingSam,,M,R,,,layyah.dc.lhc.gov.pk/pce.html,Win 2008,mirror
7/24/2014,KingSam,,M,R,,,mbdin.dc.lhc.gov.pk/pce.html,Win 2008,mirror
7/24/2014,KingSam,,,R,,,vehari.dc.lhc.gov.pk/pce.html,Win 2008,mirror
7/24/2014,KingSam,,M,R,,,mianwali.dc.lhc.gov.pk/pce.html,Win 2008,mirror
7/24/2014,KingSam,,M,R,,,bhakkar.dc.lhc.gov.pk/pce.html,Win 2008,mirror
6/16/2014,hasnain haxor,,M,,,,www.pta.gov.pk/complaint/compl...,FreeBSD,mirror
6/16/2014,hasnain haxor,,,,,,complaint.pta.gov.pk/complaint...,FreeBSD,mirror
5/21/2014,Green Effect,,,R,,,faisalabadartscouncil.gov.pk/f...,Linux,mirror
4/29/2014,X-T!GeR,H,,R,,,cbsialkot.gov.pk,Linux,mirror
4/9/2014,YunusIncredibl,,M,,,,sindhenergy.gov.pk/s3c-k.htm,Win 2008,mirror
4/8/2014,hasnain haxor,,,,,,www.fos-pah.gov.pk/phc.html,Linux,mirror
4/8/2014,LINUX STUNTER,,,R,,,www.khushabpolice.gov.pk/edito...,Linux,mirror
3/31/2014,hasnain haxor,,,R,,,pacpnwfp.gov.pk/phc.htm,Linux,mirror
3/29/2014,hasnain haxor,H,,,,,www.pakconsulatejeddah.gov.pk,Linux,mirror
2/21/2014,UNITED BANGLADESHI HACKERS,,M,R,,,gepsp.ajk.gov.pk/n0m0r3.html,Win 2008,mirror
2/21/2014,UNITED BANGLADESHI HACKERS,,M,R,,,agriculture.ajk.gov.pk/21.htm,Win 2008,mirror
2/21/2014,UNITED BANGLADESHI HACKERS,,M,R,,,akmidc.ajk.gov.pk/n0m0r3.html,Win 2008,mirror
2/21/2014,UNITED BANGLADESHI HACKERS,,M,R,,,ajk.gov.pk/n0m0r3.html,Win 2008,mirror
2/17/2014,d3b~X,,,R,,,finance.ajk.gov.pk/ganteng.gif,Win 2008,mirror
2/10/2014,spider64,H,,R,,,www.agripunjab.gov.pk,Linux,mirror
2/5/2014,d3b~X,,M,R,,,electricity.ajk.gov.pk/ganteng...,Win 2008,mirror
2/5/2014,Hmei7,,M,R,,,law.ajk.gov.pk/images/x.gif,Win 2008,mirror
2/4/2014,d3b~X,,M,R,,,health.ajk.gov.pk/ganteng.gif,Win 2008,mirror
2/3/2014,SultanHaikal,,,R,,,www.colleges.ajk.gov.pk/ganten...,Win 2008,mirror
2/3/2014,SultanHaikal,,M,R,,,www.socialwelfare.ajk.gov.pk/g...,Win 2008,mirror
2/3/2014,SultanHaikal,,M,R,,,www.auqaf.ajk.gov.pk/ganteng.gif,Win 2008,mirror
2/3/2014,SultanHaikal,,M,R,,,www.itb.ajk.gov.pk/ganteng.gif,Win 2008,mirror
1/24/2014,VirusDuba,,M,R,,,karachicity.gov.pk/vDuba.html,Linux,mirror
1/24/2014,VirusDuba,,M,,,,rescue1299karachi.gov.pk/vDuba...,Linux,mirror
12/30/2013,Fatal Error,H,M,,,,pminspection.ajk.gov.pk,Win 2008,mirror
12/30/2013,Fatal Error,H,M,,,,aims.ajk.gov.pk,Win 2008,mirror
12/30/2013,Fatal Error,H,M,,,,information.ajk.gov.pk,Win 2008,mirror
12/30/2013,Fatal Error,H,M,,,,bor.ajk.gov.pk,Win 2008,mirror
12/30/2013,Fatal Error,H,M,,,,forest.ajk.gov.pk,Win 2008,mirror
12/30/2013,Fatal Error,H,M,,,,icml.ajk.gov.pk,Win 2008,mirror
12/30/2013,Fatal Error,H,M,,,,home.ajk.gov.pk,Win 2008,mirror
12/30/2013,Fatal Error,H,M,,,,localgov.ajk.gov.pk,Win 2008,mirror
12/30/2013,Fatal Error,H,M,,,,works.ajk.gov.pk,Win 2008,mirror
12/30/2013,Fatal Error,H,M,,,,zakat.ajk.gov.pk,Win 2008,mirror
12/30/2013,Fatal Error,H,M,,,,tourism.ajk.gov.pk,Win 2008,mirror
12/30/2013,Fatal Error,H,M,,,,snga.ajk.gov.pk,Win 2008,mirror
12/30/2013,Fatal Error,H,M,,,,livestock.ajk.gov.pk,Win 2008,mirror
12/30/2013,Fatal Error,H,M,,,,industry.ajk.gov.pk,Win 2008,mirror
12/30/2013,Fatal Error,H,M,,,,overseas.ajk.gov.pk,Win 2008,mirror
12/30/2013,Fatal Error,H,M,,,,schools.ajk.gov.pk,Win 2008,mirror
12/30/2013,Fatal Error,H,M,,,,transport.ajk.gov.pk,Win 2008,mirror
12/30/2013,Fatal Error,H,M,,,,dmr.ajk.gov.pk,Win 2008,mirror
12/30/2013,Fatal Error,H,M,,,,youth.ajk.gov.pk,Win 2008,mirror
12/30/2013,Fatal Error,H,M,,,,food.ajk.gov.pk,Win 2008,mirror
12/30/2013,Fatal Error,H,M,,,,mc.ajk.gov.pk,Win 2008,mirror
12/30/2013,Fatal Error,H,,,,,medicalcollege.ajk.gov.pk,Win 2008,mirror
11/25/2013,TheHackersArmy,,,R,,,imis.irrigation.punjab.gov.pk/...,Win 2008,mirror
11/25/2013,SultanHaikal lamer,,,R,,,fpsc.gov.pk/icms/admin/image/d...,Linux,mirror
11/21/2013,Sizzling Soul,,M,,,,www.dcomultancomplaintcell.gov...,Linux,mirror
11/20/2013,Pakistan,H,M,,,,attockpolice.gov.pk,Win 2003,mirror
11/7/2013,?.,H,,R,,,www.spsc.gov.pk,Linux,mirror
10/31/2013,Ali,H,M,R,,,pap.gov.pk,Unknown,mirror
10/30/2013,Ashiyane Digital Security Team,,,,,,schoolportal.punjab.gov.pk/Cou...,Win 2008,mirror
10/23/2013,1337,H,,,,,crckp.gov.pk,Linux,mirror
10/20/2013,net mafia,,,R,,,poultry.punjab.gov.pk/default.htm,Win 2008,mirror
10/19/2013,Gabby,,M,R,,,www.ajkepa.gov.pk/x.htm,Linux,mirror
10/2/2013,Afghan Cyber Army,,M,,,,www.benazirabad.gov.pk/Governo...,Win 2008,mirror
9/26/2013,TheBuGz,H,M,R,,,www.visitgilgitbaltistan.gov.pk,Linux,mirror
9/25/2013,RainsevenDotMy,,,,,,www.csd.gov.pk/resume/07072013...,Win 2008,mirror
9/18/2013,h4x0r HuSsY,,,,,,filesflow.oec.gov.pk/x.html,Linux,mirror
9/18/2013,h4x0r HuSsY,,M,,,,jobs.oec.gov.pk/x.html,Linux,mirror
9/18/2013,h4x0r HuSsY,,M,,,,test.oec.gov.pk/x.html,Linux,mirror
9/10/2013,Dr.Freak,,,R,,,www.lesco.gov.pk/Modules/News/...,Win 2003,mirror
9/5/2013,Waledac,,,,,,mpskasur.gov.pk/Waledac.html,Linux,mirror
9/5/2013,R00ts3c,H,,R,,,www.ndma.gov.pk,Unknown,mirror
8/30/2013,S:6T_i-#07,H,M,,,,gieda.gov.pk,Linux,mirror
8/27/2013,hasnain haxor,H,,,,,dost.gov.pk,Linux,mirror
8/26/2013,hasnain haxor,H,M,,,,dop.fata.gov.pk,FreeBSD,mirror
8/26/2013,hasnain haxor,,M,,,,wew.fata.gov.pk/admin/,FreeBSD,mirror
8/23/2013,hasnain haxor,H,,,,,fata.gov.pk,FreeBSD,mirror
8/19/2013,Itsecit@aol.com,H,M,R,,,www.lodhranpolice.gov.pk,Linux,mirror
8/12/2013,Afghan Cyber Army,H,M,,,,ajklgrd.gov.pk,Linux,mirror
8/6/2013,Dr.Freak,H,,R,,,www.cda.gov.pk,Win 2008,mirror
8/4/2013,Dr.Freak,,M,,,,forum.oec.gov.pk/x.txt,Linux,mirror
8/4/2013,Dr.Freak,,,R,,,oec.gov.pk/x.txt,Linux,mirror
8/4/2013,Xploiter,,,,,,intranet.npo.gov.pk/x.html,Linux,mirror
8/4/2013,Xploiter,,M,,,,oms.npo.gov.pk/x.html,Linux,mirror
8/4/2013,Dr.Freak,,M,,,,ajktourism.gov.pk/x.txt,Linux,mirror
8/4/2013,Dr.Freak,,M,,,,forum.npo.gov.pk/x.txt,Linux,mirror
8/4/2013,Xploiter,,M,,,,mes.gov.pk/x.html,Linux,mirror
8/4/2013,Xploiter,,M,,,,www.punjablaws.gov.pk/x.html,Linux,mirror
8/4/2013,Xploiter,,M,R,,,sti.gov.pk/x.html,Linux,mirror
7/29/2013,S:6T_i-#07,,,,,,ems.infokhyberpakhtunkhwa.gov....,Linux,mirror
7/27/2013,SA3D HaCk3D,,M,,,,swkpk.gov.pk/x.html,Linux,mirror
7/25/2013,RainsevenDotMy,,,,,,es.pap.gov.pk/modules/r00t-My.txt,Linux,mirror
7/25/2013,Ali,H,,,,,civicmanagement-cda.gov.pk,Linux,mirror
7/25/2013,Ali,H,M,R,,,npo.gov.pk,Linux,mirror
7/17/2013,S:6T_i-#07,H,,R,,,www.nidu.gov.pk,Unknown,mirror
7/13/2013,Dbuzz,,M,R,,,www.pprasindh.gov.pk/db.txt,Linux,mirror
7/3/2013,SA3D HaCk3D,,M,,,,moicop.gov.pk/x.html,Linux,mirror
6/28/2013,sidlove,,,R,,,www.khyberpakhtunkhwa.gov.pk/s...,Linux,mirror
6/20/2013,soyletmez,,M,,,,pp.npo.gov.pk/pp/default.asp,Win 2003,mirror
6/20/2013,S:6T_i-#07,H,,R,,,www.serra.gov.pk,Win 2003,mirror
6/18/2013,Dr.SHA6H,H,,R,,,www.sprsmpkp.gov.pk,Linux,mirror
6/16/2013,BD GREY HAT HACKERS,,,,,,www.hrakhyberpakhtunkhwa.gov.p...,Linux,mirror
6/11/2013,ManSyk3z,H,,R,,,cbkamra.gov.pk,Linux,mirror
6/2/2013,S:6T_i-#07,,M,,,,www.infokhyberpakhtunkhwa.gov....,Linux,mirror
5/26/2013,islamic ghosts team,,M,R,,,agpunjab.gov.pk/index.html,Linux,mirror
5/20/2013,TheHackersArmy,H,M,R,,,shadbad.cholistan.gov.pk,Linux,mirror
4/25/2013,Ashiyane Digital Security Team,H,M,,,,livestockextkp.gov.pk,Linux,mirror
4/23/2013,N1Gh7 F0x,H,,,,,php.ecp.gov.pk,Linux,mirror
4/11/2013,HighTech,H,M,,,,www.socialwelfare.ajk.gov.pk,Win 2003,mirror
4/11/2013,HighTech,,M,,,,akmidc.ajk.gov.pk/xk.txt,Win 2003,mirror
4/9/2013,HighTech,,M,,,,itb.ajk.gov.pk/ck.htm,Win 2003,mirror
3/25/2013,Indishell,H,,,,,cbsialkot.gov.pk,Linux,mirror
3/21/2013,Indishell,H,M,R,,,sanitation-cda.gov.pk,Unknown,mirror
3/19/2013,alfa team 2012,H,,R,,,www.ncsw.gov.pk,Linux,mirror
3/18/2013,xtremee_killar,H,,R,,,www.hdkp.gov.pk,Unknown,mirror
3/6/2013,zabi,H,M,R,,,www.chk.gov.pk,Linux,mirror
3/5/2013,HighTech,H,,R,,,www.chk.gov.pk,Linux,mirror
2/19/2013,TheHackersArmy,H,,R,,,cholistan.gov.pk,Linux,mirror
2/18/2013,Indishell,,M,R,,,www.pakpost.gov.pk/1.txt,Solaris 9/10,mirror
2/18/2013,N1Gh7 F0x,H,M,,,,www.fef.gov.pk,Linux,mirror
2/15/2013,Indishell,H,,R,,,financebatagram.gov.pk,Linux,mirror
2/14/2013,Code inject0r,H,,R,,,npfs-minfa.gov.pk,Linux,mirror
2/14/2013,Dr.Freak,,,R,,,www.pakistanarmy.gov.pk/AWPRev...,Win 2008,mirror
2/14/2013,Xtremee_Killar,,M,,,,www.peshawarhighcourt.gov.pk/n...,Linux,mirror
2/14/2013,Xtremee_Killar,,,,,,pepco.gov.pk/chk.php,FreeBSD,mirror
2/13/2013,Evil Genius Cyber Crimes,,M,,,,clothing.pof.gov.pk/categories...,Solaris 9/10,mirror
2/13/2013,Indishell,H,,,,,www.fcbalochistan.gov.pk,Linux,mirror
2/13/2013,r00t-x,,,R,,,www.fto.gov.pk/x.txt,Solaris 9/10,mirror
2/13/2013,r00t-x,,,R,,,www.pakboi.gov.pk/x.txt,Win 2003,mirror
2/12/2013,Dr.Freak,,,R,,,hesco.gov.pk/htmls/newsmediama...,Win 2003,mirror
2/12/2013,Hmei7,,,,,,joomla149.pap.gov.pk/x.txt,Linux,mirror
2/11/2013,Haxorsistz,H,,,,,edohmkp.gov.pk,Linux,mirror
2/10/2013,HackerCrackerTracker | G.J.theDJ,H,M,,,,edohdirupper.gov.pk,Linux,mirror
2/3/2013,Sejeal,,,R,,,mecsindh.gov.pk/sejeal.jpg,Linux,mirror
1/25/2013,HighTech,H,M,,,,www.law.ajk.gov.pk,Win 2003,mirror
1/25/2013,HighTech,H,M,,,,www.health.ajk.gov.pk,Win 2003,mirror
1/25/2013,HighTech,H,M,,,,www.colleges.ajk.gov.pk,Win 2003,mirror
1/25/2013,HighTech,H,M,,,,electricity.ajk.gov.pk,Win 2003,mirror
1/25/2013,HighTech,H,M,,,,auqaf.ajk.gov.pk,Win 2003,mirror
1/24/2013,HighTech,,M,,,,finance.ajk.gov.pk/ck.htm,Win 2003,mirror
1/24/2013,HighTech,,M,,,,agriculture.ajk.gov.pk/ck.htm,Win 2003,mirror
1/24/2013,HighTech,,M,R,,,ajk.gov.pk/ck.htm,Win 2003,mirror
1/24/2013,Sejeal,,,,,,gepsp.ajk.gov.pk/sejeal.jpg,Win 2003,mirror
1/18/2013,Indishell,,,,,,sindhagriextension.gov.pk/inde...,Linux,mirror
1/16/2013,Indishell,H,,R,,,ipdf.gov.pk,Linux,mirror
1/3/2013,TurkHackArmy,H,,,,,pclukp.gov.pk,Linux,mirror
12/28/2012,Black Angels,,M,R,,,www.rawalpindi.gov.pk/wp-conte...,Win 2008,mirror
12/24/2012,COde InjectOr,H,,,,,irrigation.punjab.gov.pk,Win 2008,mirror
12/14/2012,ulow,,M,R,,,badin.gov.pk/a.htm,Win 2008,mirror
12/14/2012,ulow,,M,,,,erp.badin.gov.pk/a.htm,Win 2008,mirror
12/13/2012,ulow,,M,,,,sindhpower.gov.pk/a.htm,Win 2008,mirror
12/10/2012,Haxorsistz,H,,,,,npc.gov.pk,Linux,mirror
12/10/2012,Haxorsistz,H,M,R,,,punjabmodel.gov.pk,Linux,mirror
12/7/2012,Indishell,,,R,,,app.hec.gov.pk/rgp/research.asp,Win 2008,mirror
12/7/2012,Indishell,,,R,,,www.ppqp.gov.pk/jobs.php,Unknown,mirror
12/7/2012,Indishell,,,R,,,intranet.pta.gov.pk/1.html,Win 2003,mirror
12/6/2012,Indishell,H,M,,,,ghotki.gov.pk,Win 2008,mirror
12/6/2012,Indishell,,M,,,,www.sanghar.gov.pk/Governor/fr...,Win 2008,mirror
12/6/2012,Indishell,,M,,,,shaheedbenazirabad.gov.pk/Gove...,Win 2008,mirror
12/6/2012,Indishell,H,M,,,,www.mirpurkhas.gov.pk,Win 2008,mirror
12/6/2012,Indishell,H,M,,,,larkano.gov.pk,Win 2008,mirror
12/6/2012,Indishell,H,M,,,,hyderabad.gov.pk,Win 2008,mirror
12/6/2012,Indishell,H,,R,,,www.larkana.gov.pk,Win 2008,mirror
11/27/2012,ymh,H,,R,,,www.borsindh.gov.pk,Linux,mirror
11/22/2012,Indishell,H,,R,,,support.pprasindh.gov.pk,Linux,mirror
11/18/2012,Indishell,H,,,,,www.epw.gov.pk,Linux,mirror
10/26/2012,Indishell,,,R,,,www.multan.gov.pk/upload,Linux,mirror
10/3/2012,Indishell,H,,,,,www.npa.gov.pk,Linux,mirror
9/21/2012,Cu_do_MRC,H,,R,,,finance-mansehra.gov.pk,Linux,mirror
8/29/2012,nO lOv3,,M,,,,kohat.financekpp.gov.pk/index....,Linux,mirror
8/29/2012,nO lOv3,,M,,,,peshawar.financekpp.gov.pk/ind...,Linux,mirror
8/21/2012,VirusDuba,H,,,,,www.blog.npcih.gov.pk,Linux,mirror
8/8/2012,Indishell,,,,,,www.psf.gov.pk/pbt/issues_rss....,FreeBSD,mirror
8/2/2012,Indishell,H,,R,,,dsjfaisalabad.gov.pk,Linux,mirror
7/30/2012,VirusDuba,H,,R,,,www.npcih.gov.pk,Linux,mirror
7/29/2012,Indishell,H,,,,,sandalbartv.faisalabadartscoun...,Linux,mirror
7/28/2012,Indishell,H,,R,,,www.mianwalipolice.gov.pk,Linux,mirror
7/25/2012,Indishell lamer,,,R,,,fpsc.gov.pk/icms/admin/image/d...,Linux,mirror
7/24/2012,chinahacker,,,,,,imis.irrigation.punjab.gov.pk/...,Win 2008,mirror
7/15/2012,Indishell,,,,,,www.faisalabadartscouncil.gov....,Linux,mirror
7/14/2012,Indishell,H,M,,,,lyallpurmuseum.gov.pk,Linux,mirror
7/11/2012,Indishell,,,R,,,gulbergtownlahore.gov.pk/Modul...,Win 2003,mirror
7/11/2012,Indishell,,,R,,,kpt.gov.pk/html,Win 2008,mirror
7/11/2012,Vezir.04,,,R,,,sc.hec.gov.pk/aphds/submit.asp,Win 2003,mirror
7/10/2012,Indishell,H,,R,,,spsc.gov.pk,Linux,mirror
7/10/2012,Indishell,H,M,R,,,pprasindh.gov.pk,Linux,mirror
7/10/2012,Indishell,H,,R,,,pap.gov.pk,Linux,mirror
7/9/2012,Indishell,H,,R,,,sheikhupurapolice.gov.pk,Linux,mirror
7/8/2012,Indishell,,,,,,kptevta.gov.pk/resources_detai...,Linux,mirror
7/7/2012,Indishell,H,M,,,,new.nha.gov.pk,Linux,mirror
7/7/2012,Indishell,H,,,,,downloads.nha.gov.pk,Linux,mirror
7/7/2012,HighTech,H,,,,,shpd.gov.pk,Linux,mirror
7/7/2012,Indishell,H,,R,,,nha.gov.pk,Linux,mirror
7/5/2012,Indishell,H,,,,,ljcp.gov.pk,Linux,mirror
7/4/2012,Cocain TeaM,,,,,,bunerfinance.gov.pk/f.php?Link...,Linux,mirror
6/18/2012,LatinHackTeam,H,,,,,sprsmpkp.gov.pk,Linux,mirror
6/13/2012,sidlove,,M,,,,www.kpincubation.gov.pk/mca.html,Linux,mirror
6/12/2012,Indishell,,,R,,,ppra.punjab.gov.pk/index.asp,Win 2008,mirror
6/12/2012,Indishell,,M,R,,,cccexcise.punjab.gov.pk/defaul...,Win 2008,mirror
6/12/2012,sidlove,,,,,,www.khyberpakhtunkhwa.gov.pk/m...,Linux,mirror
6/11/2012,Indishell,H,,R,,,ptb.gov.pk,Win 2003,mirror
6/11/2012,Invectus,,,R,,,www.lesco.gov.pk/Modules/News/...,Win 2003,mirror
6/10/2012,Indishell,H,,,,,sprsmbalochistan.gov.pk,Linux,mirror
5/31/2012,Robot Pirates,H,,,,,www.pakpwd.gov.pk,Linux,mirror
5/31/2012,BROTHERS TEAM,H,,R,,,psic.gov.pk,Win 2003,mirror
5/24/2012,http://nwfptbb.gov.pk/,H,,R,,,nwfptbb.gov.pk,Win 2003,mirror
5/21/2012,WG_Eagle,,,,,,sti.gov.pk/sti1/stiweb/index.php,Linux,mirror
5/10/2012,Afghan Exploiters Team,,M,,,,admissions.hec.gov.pk/language...,Linux,mirror
5/7/2012,syhmhfz,,,R,,,www.ipo.gov.pk/patent/Gazette/...,Win 2003,mirror
5/2/2012,Hmei7,,,,,,npb.gov.pk/i¯donesia.htm,Win 2003,mirror
4/24/2012,mS_Dz,H,M,,,,www.sindhrelief.gov.pk,Linux,mirror
4/21/2012,TiGER-M@TE,H,M,,,,ntrc.gov.pk,Win 2008,mirror
4/18/2012,Indishell,,,,,,chakwalpolice.gov.pk/indishell...,Win 2008,mirror
4/17/2012,Mr.XHat,,,,,,fdma.gov.pk/ERFDMAMIS/descript...,Linux,mirror
4/2/2012,Bl3ck0uT,H,M,R,,,governorsindh.gov.pk,Win 2003,mirror
3/27/2012,Hacker-Fire,H,,R,,,ipcih.gov.pk,Linux,mirror
3/27/2012,SVAM,H,M,,,,president.gov.pk,Linux,mirror
3/27/2012,SVAM,H,,,,,presidentofpakistan.gov.pk,Linux,mirror
3/22/2012,1923Turk,,,,,,lhc.gov.pk/new/,Win 2008,mirror
3/17/2012,Ashiyane Digital Security Team,,,R,,,www.pmajk.gov.pk/application/t...,Win 2003,mirror
3/14/2012,Ashiyane Digital Security Team,H,M,R,,,www.cda.gov.pk,Win 2003,mirror
3/2/2012,Nob0dy,,,R,,,www.gjtmap.gov.pk/admin,Linux,mirror
3/1/2012,Ashiyane Digital Security Team,H,M,R,,,www.islamabad.gov.pk,Win 2003,mirror
3/1/2012,Ashiyane Digital Security Team,H,M,,,,www.mtmist.islamabad.gov.pk,Win 2003,mirror
3/1/2012,Indishell,,M,R,,,cmkhyberpakhtunkhwa.gov.pk/pag...,Win 2008,mirror
3/1/2012,eXeSoul,,,R,,,www.ajkmdrp.gov.pk/images/y0.txt,Linux,mirror
2/21/2012,sen indishell,,,R,,,www.cii.gov.pk/jobs/index.html,Unknown,mirror
2/16/2012,Dr-Angel,,M,R,,,pal.gov.pk/x.txt,Linux,mirror
2/14/2012,indishell,,,,,,www.serra.gov.pk/showpage.asp?...,Win 2003,mirror
2/11/2012,TheHackersArmy,H,M,,,,cc.gov.pk,Linux,mirror
2/11/2012,TheHackersArmy,H,M,,,,lalbaig.cc.gov.pk,Linux,mirror
2/11/2012,GaMe_OveR,H,,,,,legal.cc.gov.pk,Linux,mirror
1/30/2012,KhantastiC,,,R,,,wapda.gov.pk/htmls/rptnewsdeta...,Win 2003,mirror
1/20/2012,KhantastiC,H,,,,,chitralfinance.gov.pk,Win 2008,mirror
1/19/2012,IslamiC GhoSts lamers,,,R,,,www.mecsindh.gov.pk/x.html,Linux,mirror
1/13/2012,alsa7r,H,,,,,www.cbkamra.gov.pk,Linux,mirror
1/11/2012,Over-X,,,,,,www.pdma.gov.pk/newsArchive.ph...,Linux,mirror
1/10/2012,indishell,H,M,R,,,ntp.gov.pk,Linux,mirror
1/3/2012,Indishell,,,R,,,www.privatisation.gov.pk/index...,Win 2003,mirror
1/3/2012,Indishell,,M,R,,,www.mofa.gov.pk/index.html,Win 2003,mirror
1/3/2012,Indishell,,M,R,,,www.niopk.gov.pk/index.html,Win 2003,mirror
1/3/2012,Indishell,H,M,R,,,www.pbm.gov.pk,Win 2003,mirror
1/3/2012,Indishell,,M,R,,,www.pcb.gov.pk/index.html,Win 2003,mirror
1/3/2012,Indishell,,M,R,,,www.pmnh.gov.pk/index.html,Win 2003,mirror
1/3/2012,Indishell,,M,,,,www.radp.gov.pk/index.htm,Win 2003,mirror
1/3/2012,Indishell,,,,,,www.dfp.gov.pk/index.html,Unknown,mirror
1/3/2012,Indishell,,M,R,,,www.paknavy.gov.pk/index.html,Unknown,mirror
1/3/2012,Indishell,,M,R,,,www.pcret.gov.pk/index.htm,Unknown,mirror
1/3/2012,Indishell,,M,R,,,www.pcrwr.gov.pk/index.html,Unknown,mirror
1/3/2012,Indishell,,M,R,,,www.pcsir.gov.pk/index.htm,Unknown,mirror
1/3/2012,Indishell,,M,R,,,www.pha.gov.pk/index.htm,Unknown,mirror
1/3/2012,Indishell,H,M,R,,,www.pifra.gov.pk,Unknown,mirror
1/3/2012,Indishell,,M,R,,,www.pmad.gov.pk/index.html,Unknown,mirror
1/3/2012,Indishell,H,M,R,,,www.sindh.gov.pk,Unknown,mirror
1/3/2012,Indishell,H,M,R,,,www.sindhpolice.gov.pk,Unknown,mirror
1/2/2012,KhantastiC,H,,R,,,www.cholistan.gov.pk,Linux,mirror
1/2/2012,KhantastiC,H,M,,,,shadbad.cholistan.gov.pk,Linux,mirror
12/24/2011,FLoOoD HacKeR,,M,,,,financebatagram.gov.pk/wp-cont...,Linux,mirror
12/15/2011,sLaSh HaCkEr,H,M,R,,,www.sargodhapolice.gov.pk,Linux,mirror
12/13/2011,TGH,H,,,,,www.pafawc.gov.pk,Linux,mirror
12/13/2011,Mr.XHat,H,M,,,,bahawalpur.dc.lhc.gov.pk,Win 2008,mirror
12/13/2011,Qaiser_Hacker,H,M,,,,www.okara.dc.lhc.gov.pk,Win 2008,mirror
12/13/2011,Qaiser_Hacker,H,M,,,,www.rawalpindi.dc.lhc.gov.pk,Win 2008,mirror
12/12/2011,Mr.XHat,H,M,,,,nankana.dc.lhc.gov.pk,Win 2008,mirror
12/12/2011,Mr.XHat,H,M,,,,mbdin.dc.lhc.gov.pk,Win 2008,mirror
12/12/2011,Mr.XHat,H,,,,,attock.dc.lhc.gov.pk,Win 2008,mirror
12/10/2011,Mr.XHat,H,M,,,,narowal.dc.lhc.gov.pk,Win 2008,mirror
12/10/2011,Mr.XHat,H,M,,,,multan.dc.lhc.gov.pk,Win 2008,mirror
12/10/2011,Mr.XHat,H,M,,,,layyah.dc.lhc.gov.pk,Win 2008,mirror
12/10/2011,Mr.XHat,H,M,,,,mianwali.dc.lhc.gov.pk,Win 2008,mirror
12/10/2011,Mr.XHat,H,M,,,,districtcourtslahore.gov.pk,Win 2008,mirror
12/10/2011,Mr.XHat,H,M,,,,bhakkar.dc.lhc.gov.pk,Win 2008,mirror
12/10/2011,Mr.XHat,H,M,,,,kasur.dc.lhc.gov.pk,Win 2008,mirror
12/10/2011,Mr.XHat,H,M,,,,faisalabad.dc.lhc.gov.pk,Win 2008,mirror
12/10/2011,Mr.XHat,H,M,,,,khushab.dc.lhc.gov.pk,Win 2008,mirror
12/10/2011,Mr.XHat,H,M,,,,vehari.dc.lhc.gov.pk,Win 2008,mirror
12/10/2011,Mr.XHat,H,M,,,,gujrat.dc.lhc.gov.pk,Win 2008,mirror
12/10/2011,Ashiyane Digital Security Team,H,,,,,hdkp.gov.pk,Linux,mirror
12/9/2011,KhantastiC,H,M,,,,punjabfisheries.gov.pk,Linux,mirror
12/9/2011,KhantastiC,H,M,,,,npfs-minfa.gov.pk,Linux,mirror
12/7/2011,7rb-team,H,,,,,www.narowal.gov.pk,Linux,mirror
11/30/2011,indiancyberarmy,H,,,,,www.bahawalpur.gov.pk,Linux,mirror
11/30/2011,Cocain TeaM,,,R,,,pmumcdp.gov.pk/faqs.php,Linux,mirror
11/29/2011,TEAM TIGER,,M,R,,,www.savings.gov.pk/imp.html,Win 2003,mirror
11/28/2011,TIGERS,H,,R,,,www.fsa.gov.pk,Unknown,mirror
11/28/2011,TeamTIGERS,,,,,,www.dgip.gov.pk/imp.html,Win 2000,mirror
11/28/2011,Team TIGERS,,M,R,,,www.tourism.gov.pk/imp.html,Win 2000,mirror
11/27/2011,indishell,,M,,,,sdc.gov.pk/index.php,Win 2003,mirror
11/25/2011,ViRuS_HiMa,H,,,,,sanitation-cda.gov.pk,Linux,mirror
11/18/2011,Cocain TeaM,H,M,,,,kpcpwc.gov.pk,Linux,mirror
11/6/2011,By_aGReSiF,,,,,,intranet.pta.gov.pk/tr-x.txt,Win 2003,mirror
10/31/2011,chliZAceh,,M,,,,cbk.gov.pk/x.htm,Linux,mirror
10/24/2011,Dr-Angel,H,M,,,,www.chk.gov.pk,Linux,mirror
10/17/2011,MCA-CRB,H,,R,,,pwdsindh.gov.pk,Win 2008,mirror
10/13/2011,X-NerD,,,,,,visitgilgitbaltistan.gov.pk/x.htm,Linux,mirror
10/13/2011,MilliKuvvetler,H,M,,,,web.ipcih.gov.pk,Linux,mirror
10/6/2011,Over-X,H,,,,,support.pprasindh.gov.pk,Linux,mirror
9/28/2011,ZombiE_KsA,H,,R,,,www.supremecourt.gov.pk,Win 2003,mirror
9/26/2011,L0gical,,M,,,,erp.hec.gov.pk/media/index.html,Linux,mirror
9/26/2011,L0gical,,M,,,,das.hec.gov.pk/festival-tts/in...,Linux,mirror
9/26/2011,L0gical,,M,,,,des.hec.gov.pk/media/,Linux,mirror
9/26/2011,L0gical,,M,R,,,hjp.hec.gov.pk/uploads,Linux,mirror
9/26/2011,L0gical,,M,,,,profile.hec.gov.pk/sbctmp/,Linux,mirror
9/26/2011,L0gical,,M,,,,psa.hec.gov.pk/sbctmp/,Linux,mirror
9/26/2011,L0gical,,M,,,,search.hec.gov.pk/sbctmp/,Linux,mirror
9/26/2011,L0gical,,M,,,,urss.hec.gov.pk/sbctmp,Linux,mirror
9/26/2011,L0gical,,,,,,publications.hec.gov.pk/site/m...,Linux,mirror
9/20/2011,stupid,H,M,,,,www.punjabmodel.gov.pk,Linux,mirror
9/19/2011,03storic,,,,,,www.lrh.gov.pk/03storic.htm,Linux,mirror
9/19/2011,Free MAN (LY),,,R,,,www.pakistanarmy.gov.pk/AWPRev...,Win 2003,mirror
9/19/2011,El Azap,H,,,,,www.cbtaxila.gov.pk,Linux,mirror
9/14/2011,ahmdosa hacker,,M,,,,dostkhyberpakhtunkhwa.gov.pk/i...,Linux,mirror
9/12/2011,stupid,,,,,,www.cidadfec.gov.pk/index.php?...,Linux,mirror
9/6/2011,XaDAL,,,,,,www.fto.gov.pk/NewsnEvents.php,Linux,mirror
8/24/2011,MCA-CRB,,,,,,www.rtolahore.gov.pk/about.php,Linux,mirror
8/24/2011,Sovalye,,M,R,,,www.infopak.gov.pk/default.aspx,Win 2003,mirror
8/18/2011,ANTI-SECURITY BRAZIL,H,,,,,www.finance-mansehra.gov.pk,Linux,mirror
8/16/2011,Mr52,,,R,,,www.dgto.gov.pk/postinfo.html,Unknown,mirror
8/16/2011,Mr52,,,R,,,www.nip.gov.pk/postinfo.html,Linux,mirror
8/16/2011,Mr52,,,,,,www.mercantilemarine.gov.pk/Bo...,Win 2003,mirror
8/2/2011,stupid,H,M,,,,dsjfaisalabad.gov.pk,Linux,mirror
7/26/2011,Digital Boys Underground Team,H,M,,,,www.cbr.gov.pk,Linux,mirror
7/26/2011,Digital Boys Underground Team,H,,,,,n.fbr.gov.pk,Linux,mirror
7/26/2011,Digital Boys Underground Team,,,,,,www.fpsc.gov.pk/icms/admin/ima...,Linux,mirror
7/26/2011,stupid,H,,,,,gprh.gov.pk,Linux,mirror
7/22/2011,Digital Boys Underground Team,,,R,,,app.hec.gov.pk/db.htm,Win 2003,mirror
7/22/2011,Digital Boys Underground Team,,M,R,,,www.dev.hec.gov.pk/db.htm,Win 2003,mirror
7/21/2011,stupid,H,M,,,,www.financemardan.gov.pk,Linux,mirror
7/21/2011,stupid,H,M,,,,www.pmukhyberpakhtunkhwa.gov.pk,Linux,mirror
7/21/2011,stupid,H,,,,,www.financedik.gov.pk,Linux,mirror
7/18/2011,TeamT3chD,,,R,,,multan.gov.pk/index.php?hacked...,Unknown,mirror
7/17/2011,Digital Boys Underground Team,H,M,,,,aphds.hec.gov.pk,Win 2003,mirror
7/17/2011,Digital Boys Underground Team,,M,,,,ncgls.hec.gov.pk/db.htm,Win 2003,mirror
7/15/2011,brwsk007,,,,,,www.cbp.gov.pk/in.txt,Win 2003,mirror
7/7/2011,MMA,,M,R,,,mohtasibsindh.gov.pk/index.php...,Linux,mirror
7/7/2011,MMA,H,,R,,,borsindh.gov.pk,Linux,mirror
7/4/2011,Max_Mafiotu,H,,,,,ntcip.gov.pk,Unknown,mirror
7/4/2011,indiancyberarmy,H,,,,,www.gilgitbaltistan.gov.pk,Linux,mirror
6/27/2011,Digital Boys Underground Team,,,,,,www.fbr.gov.pk/db.txt,Linux,mirror
6/22/2011,Ashiyane Digital Security Team,,,R,,,www.spsc.gov.pk/portal/portals...,Win 2003,mirror
6/22/2011,Digital Boys Underground Team,,,,,,pap.gov.pk/db.txt,Linux,mirror
6/13/2011,By_aGReSiF,,,R,,,www.lesco.gov.pk/Modules/News/...,Win 2003,mirror
6/3/2011,IR-security,,M,R,,,entcollection.punjab.gov.pk/l0...,Win 2003,mirror
6/3/2011,IR-security,,M,R,,,foodstamp.punjab.gov.pk/l0rd.htm,Win 2003,mirror
6/3/2011,IR-security,,M,R,,,makinggovernmentwork.punjab.go...,Win 2003,mirror
6/3/2011,IR-security,,M,R,,,hrmis.punjab.gov.pk/l0rd.htm,Win 2003,mirror
6/3/2011,IR-security,,M,R,,,ramzansahulat.punjab.gov.pk/l0...,Win 2003,mirror
6/3/2011,IR-security,,M,R,,,domicile.punjab.gov.pk/l0rd.htm,Win 2003,mirror
6/3/2011,IR-security,,M,R,,,pida.punjab.gov.pk/l0rd.htm,Win 2003,mirror
6/3/2011,LatinHackTeam,,,R,,,mgw.punjab.gov.pk/rlz.html,Win 2003,mirror
6/3/2011,LatinHackTeam,,M,R,,,mms.punjab.gov.pk/rlz.html,Win 2003,mirror
6/3/2011,LatinHackTeam,,M,R,,,ppra.punjab.gov.pk/rlz.html,Win 2003,mirror
6/3/2011,LatinHackTeam,,M,R,,,spis.punjab.gov.pk/rlz.html,Win 2003,mirror
6/3/2011,LatinHackTeam,,M,R,,,vmis.punjab.gov.pk/rlz.html,Win 2003,mirror
5/22/2011,PRAYATNA JAIN,,,,,,malakandpolice.gov.pk/search/s...,Linux,mirror
5/18/2011,PRAYATNA JAIN,,M,,,,pprasindh.gov.pk/ppratest/acti...,Linux,mirror
5/13/2011,www.realwar.org,,M,,,,cccexcise.punjab.gov.pk/defaul...,Win 2003,mirror
5/13/2011,www.realwar.org,,,,,,invpolice.punjab.gov.pk/defaul...,Win 2003,mirror
5/9/2011,kaMtiEz,,M,R,,,ptb.gov.pk/index.php?option=co...,Win 2003,mirror
5/6/2011,Sophia Hacker Group,,,R,,,www.jobs.gov.pk/pics/PNQFJBXXA...,Win 2000,mirror
5/3/2011,ONET7,,M,R,,,dgdp.gov.pk/INFO/Documents/,Win 2003,mirror
4/28/2011,IMM0R74L5,,,,,,www.ecp.gov.pk/viewpressreleas...,Win 2003,mirror
4/5/2011,alsa7r,,,R,,,nha.gov.pk/x.html,Win 2003,mirror
3/24/2011,PRAYATNA JAIN,H,M,R,,,www.nidu.gov.pk,FreeBSD,mirror
3/22/2011,kaMtiEz,H,,R,,,nccwd.gov.pk,Unknown,mirror
3/18/2011,MCA-CRB,H,M,,,,www.ipcih.gov.pk,Linux,mirror
3/9/2011,Ashiyane Digital Security Team,,,R,,,www.pmajk.gov.pk/application/t...,Win 2003,mirror
3/9/2011,iskorpitx,,,R,,,www.gsp.gov.pk/templates/beez/...,Linux,mirror
3/3/2011,T34M ERR0R,H,,R,,,www.ncsw.gov.pk,Linux,mirror
3/3/2011,T34M ERR0R,,,,,,resource.ncsw.gov.pk/thepro.txt,Linux,mirror
3/2/2011,Ashiyane Digital Security Team,,,,,,www.beoe.gov.pk/output/List_of...,Win 2003,mirror
3/2/2011,PRAYATNA JAIN,,,R,,,hesco.gov.pk/htmls/rptnewsdeta...,Win 2003,mirror
2/28/2011,Swan,,M,,,,mtmis.islamabad.gov.pk/islamab...,Win 2003,mirror
2/28/2011,Mr.ShKrEb,H,M,,,,www.iap.gov.pk,Linux,mirror
2/26/2011,T34M ERR0R,,,,,,balochistan.gov.pk/boy25.txt,Linux,mirror
2/26/2011,sacred_relic,,M,R,,,www.cda.gov.pk/cda-latest/,Win 2003,mirror
2/26/2011,sacred_relic,,,R,,,www.islamabad.gov.pk/islamabad...,Win 2003,mirror
2/22/2011,4d0r4b13,,,R,,,kpt.gov.pk/ASP/PortOperations.asp,Win 2003,mirror
2/15/2011,EMIL INDIAN HACKER,H,,R,,,www.mopw.gov.pk,Win 2000,mirror
2/11/2011,BlackHunter.Dz,,,,,,dgmepunjab.gov.pk/cgi-sys/susp...,Linux,mirror
1/24/2011,vp.ip,H,M,,,,www.neu.gov.pk,Linux,mirror
1/24/2011,vp.ip,H,M,R,,,www.phc.gov.pk,Linux,mirror
1/20/2011,Mayank Yadav,,M,R,,,nwfptbb.gov.pk/mack.htm,Win 2003,mirror
1/19/2011,stupid,,M,,,,civildefence.gov.pk/page.php?id=1,Linux,mirror
1/16/2011,eXeSoul,,,R,,,www.ajkmdrp.gov.pk/images/y0.txt,Linux,mirror
1/5/2011,oOOoROOToOOo,H,,,,,www.nwfpexcise.gov.pk,Linux,mirror
1/4/2011,oOOoROOToOOo,,,R,,,www.ssc-est.gov.pk/press.php?C...,Win 2003,mirror
12/28/2010,Ashiyane Digital Security Team,,,R,,,www.gjtmap.gov.pk/admin/,Linux,mirror
12/28/2010,IslamiC GhOsTs TeaM,,,,,,www.mecsindh.gov.pk/x.html,Linux,mirror
12/1/2010,JaCKaL,,,R,,,faisalabad.gov.pk/Tr.htm,Win 2003,mirror
11/30/2010,indiancyberarmy,,,,,,www.pastic.gov.pk/indian.html,Win 2003,mirror
11/30/2010,indiancyberarmy,,M,R,,,www.paknavy.gov.pk/indian.html,Win 2003,mirror
11/30/2010,indiancyberarmy,,M,R,,,www.nrb.gov.pk/indian.html,Win 2003,mirror
11/30/2010,indiancyberarmy,,M,,,,www.nfdc.gov.pk/indian.html,Win 2003,mirror
11/30/2010,indiancyberarmy,,M,R,,,www.niopk.gov.pk/indian.html,Win 2003,mirror
11/30/2010,indiancyberarmy,,M,R,,,www.neas.gov.pk/indian.html,Win 2003,mirror
11/30/2010,indiancyberarmy,,M,,,,www.nab.gov.pk/indian.html,Win 2003,mirror
11/30/2010,indiancyberarmy,,M,R,,,www.navtec.gov.pk/indian.html,Win 2003,mirror
11/30/2010,indiancyberarmy,,M,R,,,www.mofa.gov.pk/indian.html,Win 2003,mirror
11/30/2010,indiancyberarmy,,M,R,,,www.na.gov.pk/indian.html,Win 2003,mirror
11/30/2010,indiancyberarmy,,M,R,,,www.vepcon.gov.pk/indian.html,Win 2003,mirror
11/30/2010,indiancyberarmy,,M,R,,,www.sindh.gov.pk/indian.html,Win 2003,mirror
11/30/2010,indiancyberarmy,,M,R,,,www.sindhpolice.gov.pk/indian....,Win 2003,mirror
11/30/2010,indiancyberarmy,,M,R,,,www.pifra.gov.pk/indian.html,Win 2003,mirror
11/30/2010,indiancyberarmy,,M,R,,,www.pmad.gov.pk/indian.html,Win 2003,mirror
11/30/2010,indiancyberarmy,,M,R,,,www.pmnh.gov.pk/indian.html,Win 2003,mirror
11/30/2010,indiancyberarmy,,M,R,,,www.pwd.gov.pk/indian.html,Win 2003,mirror
11/30/2010,indiancyberarmy,,M,R,,,www.pcb.gov.pk/indian.html,Win 2003,mirror
11/30/2010,indiancyberarmy,,M,R,,,www.pcret.gov.pk/indian.html,Win 2003,mirror
11/30/2010,indiancyberarmy,,M,R,,,www.pcrwr.gov.pk/indian.html,Win 2003,mirror
11/30/2010,indiancyberarmy,,M,R,,,www.pcsir.gov.pk/indian.html,Win 2003,mirror
11/30/2010,indiancyberarmy,,M,R,,,www.pha.gov.pk/indian.html,Win 2003,mirror
11/30/2010,indiancyberarmy,,M,R,,,www.agp.gov.pk/indian.html,Win 2003,mirror
11/30/2010,indiancyberarmy,,M,R,,,www.alp.gov.pk/indian.html,Win 2003,mirror
11/30/2010,indiancyberarmy,,M,,,,www.cga.gov.pk/indian.html,Win 2003,mirror
11/30/2010,indiancyberarmy,,M,R,,,www.cii.gov.pk/indian.html,Win 2003,mirror
11/30/2010,indiancyberarmy,,M,R,,,www.cmsindh.gov.pk/indian.html,Win 2003,mirror
11/30/2010,indiancyberarmy,,M,R,,,www.eadtraining.gov.pk/indian....,Win 2003,mirror
11/30/2010,indiancyberarmy,,M,R,,,www.environment.gov.pk/indian....,Win 2003,mirror
11/30/2010,indiancyberarmy,,M,R,,,www.fab.gov.pk/indian.html,Win 2003,mirror
11/30/2010,indiancyberarmy,,M,R,,,www.fgehf.gov.pk/indian.html,Win 2003,mirror
11/17/2010,HaCkErS eV!L,H,M,,,,ajkepa.gov.pk,Linux,mirror
11/13/2010,eXeSoul,,M,R,,,www.nibaf.gov.pk/y0.txt,Linux,mirror
11/13/2010,eXeSoul,,M,,,,ipdf.gov.pk/y0.txt,Linux,mirror
10/28/2010,Ma3sTr0-Dz,H,,,,,survey.secp.gov.pk,Win 2003,mirror
10/28/2010,Mafia Hacking Team,,M,,,,pims.gov.pk/dark.html,Win 2003,mirror
10/28/2010,Mafia Hacking Team,,M,,,,sop.gov.pk/dark.html,Win 2003,mirror
10/28/2010,Mafia Hacking Team,,M,,,,customsappellatetribunal.gov.p...,Win 2003,mirror
10/28/2010,Mafia Hacking Team,,M,,,,cmkhyberpakhtunkhwa.gov.pk/dar...,Win 2003,mirror
10/28/2010,Mafia Hacking Team,,M,,,,agop.gov.pk/dark.html,Win 2003,mirror
10/28/2010,Mafia Hacking Team,,,,,,pakboi.gov.pk/dark.html,Win 2003,mirror
10/21/2010,Ashiyane Digital Security Team,,,R,,,www.amis.gov.pk/DailyReport.aspx,Win 2003,mirror
10/1/2010,HEXB00T3R,H,,R,,,www.abbottabad.gov.pk,Linux,mirror
10/1/2010,tango_charlie,H,,R,,,www.pndpunjab.gov.pk,Win 2003,mirror
9/30/2010,tango_charlie,,,R,,,www.supremecourt.gov.pk/web/pa...,Win 2003,mirror
9/29/2010,1923Turk,,,R,,,www.enercon.gov.pk/1923turk.html,Win 2003,mirror
9/24/2010,Iranian DataCoders Security Team,H,,,,,narcon.gov.pk,Linux,mirror
9/18/2010,IslamiC GhOstS TeaM,H,M,,,,npcih.gov.pk,Linux,mirror
9/1/2010,By_aGReSiF,,,,,,inventoryagri.punjab.gov.pk/ag...,Win 2003,mirror
9/1/2010,By_aGReSiF,,M,,,,www.poultry.punjab.gov.pk/agre...,Win 2003,mirror
9/1/2010,By_aGReSiF,,M,,,,inventorypolice.punjab.gov.pk/...,Win 2003,mirror
9/1/2010,By_aGReSiF,,M,,,,www.fjids.punjab.gov.pk/agresi...,Win 2003,mirror
9/1/2010,By_aGReSiF,,M,,,,registration.punjab.gov.pk/agr...,Win 2003,mirror
9/1/2010,By_aGReSiF,,M,,,,ccplahore.punjab.gov.pk/agresi...,Win 2003,mirror
8/16/2010,indiancyberarmy,H,M,R,,,healthnwfp.gov.pk,Win 2003,mirror
8/16/2010,indiancyberarmy,H,,,,,dgto.gov.pk,Win 2003,mirror
8/16/2010,indiancyberarmy,H,M,,,,kptrafficpolice.gov.pk,Win 2003,mirror
8/14/2010,indiancyberarmy,,M,,,,www.pacpnwfp.gov.pk/forum/,Linux,mirror
7/30/2010,indiancyberarmy,,,R,,,www.hafizabadpolice.gov.pk/ica...,Win 2003,mirror
7/23/2010,-=c00lt04d=-,H,,R,,,www.multan.gov.pk,Win 2003,mirror
7/13/2010,Sovalye,H,,R,,,www.infopak.gov.pk,Win 2003,mirror
7/13/2010,By_Musti,,M,,,,pmumcdp.gov.pk/index.php,Linux,mirror
7/7/2010,Vezir.04,,,,,,www.tremu.gov.pk/tremu1/workin...,Win 2003,mirror
7/6/2010,r4diationz,,,,,,dev.hec.gov.pk/appsup/submit.asp,Win 2003,mirror
7/6/2010,r4diationz,,M,,,,app.hec.gov.pk/appsup/submit.asp,Win 2003,mirror
6/11/2010,NUTS,H,,,,,www.borsindh.gov.pk,Linux,mirror
6/11/2010,By_aGReSiF,,,R,,,www.lesco.gov.pk/Modules/News/...,Win 2003,mirror
6/10/2010,By_aGReSiF,,,,,,www.erra.gov.pk/index.htm,Win 2003,mirror
6/9/2010,soyletmez,H,,R,,,npo.gov.pk,Win 2003,mirror
6/7/2010,Bobyhikaru,H,M,,,,dost-nwfp.gov.pk,Linux,mirror
6/7/2010,Bobyhikaru,H,M,,,,fatasports.gov.pk,Linux,mirror
6/2/2010,By_aGReSiF,,,,,,rcell.punjab.gov.pk/fucked_isr...,Win 2003,mirror
6/2/2010,By_aGReSiF,,M,,,,katchiabadi.punjab.gov.pk/fuck...,Win 2003,mirror
6/2/2010,By_aGReSiF,,M,,,,agriculturemis.punjab.gov.pk/f...,Win 2003,mirror
6/2/2010,By_aGReSiF,,M,,,,entcollection.punjab.gov.pk/fu...,Win 2003,mirror
6/2/2010,By_aGReSiF,,M,,,,foodstamp.punjab.gov.pk/fucked...,Win 2003,mirror
6/2/2010,By_aGReSiF,,M,,,,spis.punjab.gov.pk/fucked_isra...,Win 2003,mirror
6/2/2010,By_aGReSiF,,M,,,,inventorymis.punjab.gov.pk/fuc...,Win 2003,mirror
6/2/2010,By_aGReSiF,,M,,,,makinggovernmentwork.punjab.go...,Win 2003,mirror
6/2/2010,By_aGReSiF,,M,,,,cspc.punjab.gov.pk/fucked_isra...,Win 2003,mirror
6/2/2010,By_aGReSiF,,M,,,,smis.punjab.gov.pk/fucked_isra...,Win 2003,mirror
6/2/2010,By_aGReSiF,,M,,,,vmis.punjab.gov.pk/fucked_isra...,Win 2003,mirror
6/2/2010,By_aGReSiF,,M,,,,hrmis.punjab.gov.pk/fucked_isr...,Win 2003,mirror
6/2/2010,By_aGReSiF,,M,,,,fdisone.punjab.gov.pk/fucked_i...,Win 2003,mirror
6/2/2010,By_aGReSiF,,M,,,,ramzansahulat.punjab.gov.pk/fu...,Win 2003,mirror
6/2/2010,By_aGReSiF,,M,,,,ppolice.punjab.gov.pk/fucked_i...,Win 2003,mirror
6/2/2010,By_aGReSiF,,M,,,,litigation.punjab.gov.pk/fucke...,Win 2003,mirror
6/2/2010,By_aGReSiF,,M,,,,sastiroti.punjab.gov.pk/fucked...,Win 2003,mirror
6/2/2010,By_aGReSiF,,M,,,,domicile.punjab.gov.pk/fucked_...,Win 2003,mirror
6/2/2010,By_aGReSiF,,M,,,,auqafcash.punjab.gov.pk/fucked...,Win 2003,mirror
6/2/2010,By_aGReSiF,,M,,,,mgw.punjab.gov.pk/fucked_israe...,Win 2003,mirror
6/2/2010,By_aGReSiF,,M,,,,cid.punjab.gov.pk/fucked_israe...,Win 2003,mirror
6/2/2010,By_aGReSiF,,M,,,,bor.punjab.gov.pk/fucked_israe...,Win 2003,mirror
6/2/2010,By_aGReSiF,,M,,,,fsd.punjab.gov.pk/fucked_israe...,Win 2003,mirror
6/2/2010,By_aGReSiF,,M,,,,fwf.punjab.gov.pk/fucked_israe...,Win 2003,mirror
6/2/2010,By_aGReSiF,,M,,,,lpms.punjab.gov.pk/fucked_isra...,Win 2003,mirror
6/2/2010,By_aGReSiF,,M,,,,pmomdpinp.punjab.gov.pk/fucked...,Win 2003,mirror
6/2/2010,By_aGReSiF,,M,,,,ppra.punjab.gov.pk/fucked_isra...,Win 2003,mirror
6/2/2010,By_aGReSiF,,M,,,,pida.punjab.gov.pk/fucked_isra...,Win 2003,mirror
6/2/2010,By_aGReSiF,,M,,,,dmg.punjab.gov.pk/fucked_israe...,Win 2003,mirror
6/2/2010,By_aGReSiF,,M,,,,mms.punjab.gov.pk/fucked_israe...,Win 2003,mirror
5/25/2010,Vezir.04,,,R,,,gulbergtownlahore.gov.pk/Modul...,Win 2000,mirror
5/19/2010,Ashiyane Digital Security Team,H,,,,,hjp.hec.gov.pk,Linux,mirror
5/18/2010,GHoST61,H,M,,,,sindhagrinfo.gov.pk,Linux,mirror
5/17/2010,DATA ir Security Group,,,R,,,www.spsc.gov.pk/portal/portals...,Win 2003,mirror
5/11/2010,indiancyberarmy,H,,,,,www.mohtasibsindh.gov.pk,Linux,mirror
4/30/2010,DATA ir Security Group,,,R,,,www.jobs.gov.pk/jobAdDetail.as...,Win 2003,mirror
4/29/2010,idi0th4ck3r,,,,,,tis-pastic.gov.pk/images/banne...,Win 2003,mirror
4/27/2010,Inject0r,,,,,,www.cholistan.gov.pk/event_det...,Linux,mirror
4/24/2010,IslamiC GhOsts TeaM,,,,,,pccwdnwfp.gov.pk/Jobs.php,Linux,mirror
3/24/2010,EMIL INDIAN HACKER,,,,,,pal.gov.pk/home/,Linux,mirror
3/24/2010,-[SiLeNtp0is0n]-,H,,,,,www.informationnwfp.gov.pk,Linux,mirror
3/2/2010,3n_byt3,,,,,,www.pwdsindh.gov.pk/portal/Por...,Win 2003,mirror
3/2/2010,Sovalye,H,,R,,,www.pak.gov.pk,Win 2003,mirror
2/27/2010,dr@g,H,,,,,ntp.gov.pk,Linux,mirror
2/23/2010,indishell,,M,R,,,lodhranpolice.gov.pk/indishell...,Win 2003,mirror
2/23/2010,indishell,H,M,R,,,pakpost.gov.pk,Win 2003,mirror
2/23/2010,indishell,H,M,R,,,bahawalpurpolice.gov.pk,Win 2003,mirror
2/23/2010,indishell,,M,R,,,khanewalpolice.gov.pk/index.php,Win 2003,mirror
2/22/2010,!nf3rN.4lL,,,,,,www.moe.gov.pk/Love.txt,Win 2000,mirror
2/18/2010,EMIL INDIAN HACKER,,,,,,www.rawalpindi.gov.pk/main_Rel...,Win 2003,mirror
2/17/2010,sacred_relic,,,,,,www.cda.gov.pk/cda-latest/defa...,Win 2003,mirror
2/17/2010,sacred_relic,,,,,,sc.hec.gov.pk/aphds/Submit.asp,Win 2003,mirror
2/16/2010,urduhack,,,,,,www.insuranceombudsman.gov.pk/...,Win 2003,mirror
2/16/2010,sacred_relic,H,,R,,,www.ncb.gov.pk,Win 2003,mirror
2/7/2010,sacred_relic,,M,,,,www.islamabad.gov.pk/islamabad...,Win 2003,mirror
1/22/2010,Ma3sTr0-Dz,,,,,,www.pakistanarmy.gov.pk/AWPRev...,Win 2003,mirror
1/22/2010,ZombiE_KsA,H,,,,,www.nr3c.gov.pk,Linux,mirror
1/8/2010,vergil,H,M,,,,psic.gov.pk,Win 2003,mirror
1/8/2010,vergil,,M,,,,punjabprisons.gov.pk/index.html,Win 2003,mirror
1/8/2010,vergil,,M,,,,sheikhupurapolice.gov.pk/index...,Win 2003,mirror
12/17/2009,ISCN,,,,,,nwfptbb.gov.pk/def.htm,Win 2003,mirror
12/1/2009,h4v0c-,,,,,,www.wapda.gov.pk/htmls/newsmed...,Win 2003,mirror
11/30/2009,ICW,H,,R,,,www.faisalabad.gov.pk,Win 2003,mirror
11/27/2009,icw,H,M,,,,www.finance.gov.pk,Win 2003,mirror
11/25/2009,ICW,H,,R,,,ajkmdrp.gov.pk,Linux,mirror
10/22/2009,h4v0c-,H,M,,,,police.punjab.gov.pk,Win 2003,mirror
10/22/2009,h4v0c-,H,,,,,tender.punjab.gov.pk,Win 2003,mirror
10/22/2009,h4v0c-,H,M,,,,www.prsp-cmiphc.gov.pk,Win 2003,mirror
10/22/2009,h4v0c-,H,M,,,,www.wtopunjab.gov.pk,Win 2003,mirror
10/22/2009,h4v0c-,H,M,R,,,www.punjab-prmp.gov.pk,Win 2003,mirror
10/22/2009,h4v0c-,H,M,R,,,www.punjab-zameen.gov.pk,Win 2003,mirror
10/21/2009,NEO HACKER EMIL INDIAN HACKER,,,,,,www.amis.gov.pk/cities.aspx,Win 2003,mirror
10/21/2009,Swan,,,R,,,www.pmajk.gov.pk/picgallery.asp,Win 2003,mirror
10/21/2009,ICW,,,R,,,www.commerce.gov.pk/indian_hac...,FreeBSD,mirror
10/13/2009,d_eticket,H,,R,,,www.pemra.gov.pk,Win 2003,mirror
10/13/2009,1923Turk,,,,,,www.niopk.gov.pk/default.html,Win 2000,mirror
10/13/2009,1923Turk,,M,,,,www.nfc.gov.pk/default.html,Win 2000,mirror
10/13/2009,1923Turk,,M,,,,www.mofa.gov.pk/default.html,Win 2000,mirror
10/13/2009,1923Turk,,M,,,,www.ntb.gov.pk/default.html,Win 2003,mirror
10/13/2009,1923Turk,,M,,,,www.nrb.gov.pk/default.html,Win 2003,mirror
10/13/2009,1923Turk,,M,,,,www.nip.gov.pk/default.html,Win 2003,mirror
10/13/2009,1923Turk,,,,,,www.cmsindh.gov.pk/1923turk.html,Win 2003,mirror
10/13/2009,1923Turk,,M,,,,www.cmtl.gov.pk/1923turk.html,Win 2003,mirror
10/13/2009,1923Turk,,M,,,,www.fgehf.gov.pk/index.html,Win 2003,mirror
10/7/2009,3n_byt3,H,,,,,ppsc.punjab.gov.pk,Win 2003,mirror
10/6/2009,H K,H,,,,,www.dgkpolice.gov.pk,Win 2003,mirror
10/5/2009,INSURGENTINDIANS,,,,,,www.pndpunjab.gov.pk/in.html,Win 2003,mirror
9/22/2009,h4v0c-,,M,,,,www.met.gov.pk/upload/,Win 2003,mirror
9/21/2009,Jackh4xor,,,,,,www.supremecourt.gov.pk/web/de...,Win 2003,mirror
9/21/2009,INSURGENTINDIANS,,,,,,www.lcdc.gov.pk/in.html,Win 2003,mirror
9/18/2009,FB1H2S,H,,,,,dgdp.gov.pk,Win 2003,mirror
9/18/2009,linuXploit_crew,H,,,,,www.mohtasib.gov.pk,Win 2003,mirror
9/17/2009,Jackh4xor,,M,,,,www.vepcon.gov.pk/global.html,Win 2003,mirror
9/16/2009,Jackh4xor,,M,R,,,www.pbm.gov.pk/index.html,Win 2003,mirror
9/16/2009,insurgentindians,H,,,,,www.ombudsmanpunjab.gov.pk,Win 2003,mirror
9/15/2009,insurgentindians,H,,,,,www.faisalabadpolice.gov.pk,Win 2003,mirror
9/15/2009,InsurgentIndians,H,,,,,www.gujratpolice.gov.pk,Win 2003,mirror
9/15/2009,Jackh4xor,,M,,,,www.pha.gov.pk/index.html,Win 2003,mirror
9/15/2009,Jackh4xor,,M,R,,,www.pcrwr.gov.pk/global.html,Win 2003,mirror
9/15/2009,Jackh4xor,,M,,,,www.pcret.gov.pk/global.html,Win 2000,mirror
9/15/2009,Jackh4xor,,M,,,,www.pifra.gov.pk/global.html,Win 2000,mirror
9/15/2009,Jackh4xor,,M,,,,www.savings.gov.pk/index.html,Win 2003,mirror
9/15/2009,Jackh4xor,,M,,,,www.ppqp.gov.pk/index.html,Win 2003,mirror
9/14/2009,Jackh4xor,,,,,,www.na.gov.pk/global.html,Win 2003,mirror
9/14/2009,Jackh4xor,,M,,,,www.nie.gov.pk/global.html,Win 2003,mirror
9/14/2009,Jackh4xor,,M,,,,www.heritage.gov.pk/in.html,Win 2003,mirror
9/14/2009,Jackh4xor,,M,,,,www.navtec.gov.pk/hacked.html,Win 2003,mirror
9/14/2009,Jackh4xor,,M,,,,www.pcsir.gov.pk/global.html,Win 2003,mirror
9/14/2009,Jackh4xor,,M,,,,www.pmad.gov.pk/faq.html,Win 2003,mirror
9/14/2009,Jackh4xor,,M,,,,www.cii.gov.pk/index.html,Win 2003,mirror
9/14/2009,Jackh4xor,,M,,,,www.mfa.gov.pk/global.html,Win 2003,mirror
9/12/2009,Jackh4xor,,,,,,www.pwd.gov.pk/index.html,Win 2003,mirror
9/12/2009,Jackh4xor,,,,,,www.tourism.gov.pk/in.html,Win 2003,mirror
9/8/2009,d3-st4lli0n,H,,,,,www.gjtmap.gov.pk,Linux,mirror
9/2/2009,-=s0s=-,H,,,,,www.punjabpolice.gov.pk,Win 2003,mirror
8/21/2009,XFAISAL,H,M,,,,wasa.rda.gov.pk,Linux,mirror
8/15/2009,V4I-IiD.H4CK3R,,,R,,,www.ncsw.gov.pk/view_news.php?...,Win 2008,mirror
8/14/2009,PAKbugs,,,,,,www.radio.gov.pk/index.asp,Win 2000,mirror
8/14/2009,PAKbugs,,M,,,,www.sindhpolice.gov.pk/index.htm,Win 2000,mirror
8/14/2009,PAKbugs,,M,,,,www.sindh.gov.pk/index.asp,Win 2000,mirror
7/17/2009,ziion2000,H,,R,,,www.healthnwfp.gov.pk,Win 2003,mirror
7/14/2009,parsiland security team,,,R,,,www.multan.gov.pk/NewsDetail.php,Win 2003,mirror
6/24/2009,ALFA-STORM,,M,,,,phc.gov.pk/newsshow.php?id=28,Linux,mirror
5/25/2009,HEXB00T3R,,M,,,,www.sindhcpsd.gov.pk/portal/Po...,Win 2003,mirror
5/25/2009,d3triment@l,,,,,,www.sindhlaw.gov.pk/portal/Por...,Win 2003,mirror
5/20/2009,TrSoldier,,,R,,,gulbergtownlahore.gov.pk/Modul...,Win 2003,mirror
5/15/2009,Mafia Hacking Team,,M,,,,www.ppspccsindh.gov.pk/dotnetn...,Win 2003,mirror
5/15/2009,Ashiyane Digital Security Team,,M,,,,www.spsc.gov.pk/portal/portals...,Win 2003,mirror
5/14/2009,S.W.A.T.,,,,,,www.sindhlivestockfishries.gov...,Win 2003,mirror
5/2/2009,Ashiyane Digital Security Team,,,,,,www.ptb.gov.pk/images/photogal...,Linux,mirror
5/1/2009,fRosT,,M,R,,,www.epza.gov.pk/fRosT.html,Win 2003,mirror
4/28/2009,Swan,,M,R,,,www.jobs.gov.pk/careers.asp,Win 2000,mirror
4/27/2009,ByRossi,,,,,,phsrp.punjab.gov.pk/csbilgicom...,Win 2003,mirror
4/25/2009,ZombiE_KsA,,M,,,,www.paf.gov.pk/main.asp,Win 2000,mirror
4/25/2009,ZombiE_KsA,,M,,,,www.eadtraining.gov.pk/archive/,Win 2000,mirror
4/25/2009,ZombiE_KsA,H,,,,,www.npo.gov.pk,Win 2000,mirror
4/25/2009,ZombiE_KsA,H,,,,,www.pcb.gov.pk,Win 2000,mirror
4/25/2009,d3-st4lli0n,,,R,,,www.rescue.gov.pk/viewnotice.a...,Win 2003,mirror
4/11/2009,ASEROH,,M,R,,,nrss.gov.pk/Default.html,Win 2003,mirror
4/11/2009,ASEROH,,M,R,,,nha.gov.pk/index.asp,Win 2003,mirror
4/11/2009,d3-st4lli0n,H,,,,,www.nidu.gov.pk,FreeBSD,mirror
4/10/2009,LatinHackTeam,,,R,,,www.agripunjab.gov.pk/index.html,Win 2003,mirror
4/2/2009,Sovalye,,,,,,www.ispr.gov.pk/front/main.asp...,Win 2003,mirror
1/26/2009,PuSaT,,M,,,,www.agp.gov.pk/gazze.php,FreeBSD,mirror
1/23/2009,spo0feR,H,,,,,www.fatardp.gov.pk,Linux,mirror
1/22/2009,Ashiyane Digital Security Team,,,,,,oec.gov.pk/english/passport_sh...,Win 2003,mirror
1/22/2009,ZombiE_KsA,H,M,,,,www.pid.gov.pk,Win 2003,mirror
1/20/2009,Iran Black Hats Team,H,,R,,,sargodhapolice.gov.pk,Win 2003,mirror
1/20/2009,ZombiE_KsA,H,,,,,www.ssc-est.gov.pk,Win 2003,mirror
1/18/2009,cxp-fwd,,M,,,,www.fab.gov.pk/gazze.php,FreeBSD,mirror
1/18/2009,cxp-fwd,,,,,,www.paknavy.gov.pk/gazze.php,FreeBSD,mirror
1/18/2009,cxp-fwd,,M,,,,www.nccwd.gov.pk/gazze.php,FreeBSD,mirror
1/18/2009,cxp-fwd,,M,,,,www.neas.gov.pk/gazze.php,FreeBSD,mirror
1/18/2009,cxp-fwd,,M,,,,www.ncb.gov.pk/gazze.php,FreeBSD,mirror
1/18/2009,cxp-fwd,,M,,,,www.gefpak.gov.pk/gazze.php,FreeBSD,mirror
1/18/2009,cxp-fwd,,M,,,,www.ftip.gov.pk/gazze.php,FreeBSD,mirror
1/18/2009,cxp-fwd,,M,,,,www.enercon.gov.pk/gazze.php,FreeBSD,mirror
1/18/2009,cxp-fwd,,M,,,,www.environment.gov.pk/gazze.php,FreeBSD,mirror
1/18/2009,cxp-fwd,,M,,,,www.pmnh.gov.pk/gazze.php,FreeBSD,mirror
1/18/2009,cxp-fwd,,M,,,,www.lmis.gov.pk/gazze.php,FreeBSD,mirror
1/18/2009,cxp-fwd,,,,,,www.census.gov.pk/gazze.php,FreeBSD,mirror
1/18/2009,cxp-fwd,,M,,,,www.mopw.gov.pk/gazze.php,Win 2000,mirror
1/18/2009,cxp-fwd,,,,,,www.alp.gov.pk/gazze.php,Win 2000,mirror
1/18/2009,cxp-fwd,,M,,,,www.fsa.gov.pk/gazze.php,Win 2000,mirror
1/18/2009,cxp-fwd,,M,,,,www.nibaf.gov.pk/gazze.php,Win 2000,mirror
1/14/2009,attacker,,,,,,www.ltukarachi.gov.pk/contactu...,Win 2003,mirror
1/13/2009,Fatal Error,,,R,,,www.lesco.gov.pk/Modules/News/...,Win 2003,mirror
1/8/2009,x,,M,,,,pwdajk.gov.pk/x.txt,Win 2003,mirror
12/10/2008,Mafia Hacking Team,,M,,,,hr.cbr.gov.pk/FasHisT.htm,Win 2003,mirror
12/10/2008,ZombiE_KsA,H,,,,,pak.gov.pk,Win 2000,mirror
12/10/2008,ZombiE_KsA,H,,,,,www.infopak.gov.pk,FreeBSD,mirror
12/5/2008,ZoRRoKiN,,,,,,hrms.fbr.gov.pk/zele.htm,Win 2003,mirror
11/24/2008,InjeCtion MasTer,H,,,,,www.abbottabad.gov.pk,Linux,mirror
11/12/2008,ss_hob,H,,,,,ajkmdrp.gov.pk,Linux,mirror
11/7/2008,Mafia Hacking Team,,M,,,,mtmis2.punjab.gov.pk/FasHisT.htm,Win 2003,mirror
11/6/2008,Hmei7,,,,,,mtmis.punjab.gov.pk/indonesia.txt,Win 2003,mirror
10/20/2008,DeltahackingSecurityTEAM,H,M,R,,,benis.bahawalnagarpolice.gov.pk,Win 2003,mirror
10/20/2008,S.W.A.T.,H,M,R,,,muzaffargarhpolice.gov.pk,Win 2003,mirror
10/20/2008,S.W.A.T.,H,M,R,,,rajanpurpolice.gov.pk,Win 2003,mirror
10/20/2008,S.W.A.T.,H,M,R,,,bahawalnagarpolice.gov.pk,Win 2003,mirror
10/20/2008,S.W.A.T.,H,M,R,,,kasurpolice.gov.pk,Win 2003,mirror
10/20/2008,S.W.A.T.,H,M,R,,,khushabpolice.gov.pk,Win 2003,mirror
10/17/2008,Hmei7,,,,,,www.pmajk.gov.pk/picgallery.asp,Win 2003,mirror
10/9/2008,Iran Black Hats Team,H,,,,,veharipolice.gov.pk,Linux,mirror
8/17/2008,madking,,,,,,www.ihc.gov.pk/modules/index.htm,Linux,mirror
8/7/2008,Iran Black Hats Team,,M,R,,,lodhranpolice.gov.pk/ibh.htm,Win 2003,mirror
8/6/2008,Iran Black Hats Team,,M,R,,,khanewalpolice.gov.pk/ibh.htm,Win 2003,mirror
8/5/2008,Iran Black Hats Team,,M,R,,,bahawalpurpolice.gov.pk/ibh.htm,Win 2003,mirror
8/4/2008,SnL_ayaz_,,,R,,,pitac.gov.pk/prof.htm,Win 2003,mirror
7/31/2008,reDMin,,,,,,punjab-prmp.gov.pk/images,Win 2003,mirror
7/6/2008,1923Turk,,M,,,,gsp.gov.pk/demo,Linux,mirror
7/5/2008,MAVE_RICK,,,,,,www.punjab-zameen.gov.pk/didem...,Win 2003,mirror
6/28/2008,ir4dex,,M,R,,,hafizabadpolice.gov.pk/dr.htm,Win 2003,mirror
6/2/2008,DeltahackingSecurityTEAM,,,R,,,ttsinghpolice.gov.pk/Delta.Sec...,Win 2003,mirror
5/29/2008,ISCN,,,R,,,ngosinfo.gov.pk/ISCN.txt,Win 2003,mirror
5/29/2008,Iran Black Hats Team,,,R,,,www.healthnwfp.gov.pk/healthforum,Win 2003,mirror
5/15/2008,STARTURK,,M,,,,doe.gov.pk/turk.aspx,Win 2003,mirror
4/23/2008,Caprazates.org,H,M,R,,,pakpost.gov.pk,Win 2003,mirror
4/4/2008,IR4DEX,,M,,,,www.agripunjab.gov.pk/index.html,Win 2003,mirror
4/4/2008,S4t4n1c_s0uls,,,,,,www.urbanunit.gov.pk/owned.html,Win 2003,mirror
4/2/2008,Hmei7,H,,R,,,www.multan.gov.pk,Win 2003,mirror
3/25/2008,Mafia Hacking Team,,,R,,,www.commerce.gov.pk/index.asp,Win 2000,mirror
3/25/2008,Mafia Hacking Team,,,R,,,www.rescue.gov.pk/district.asp,Win 2003,mirror
3/25/2008,Mafia Hacking Team,H,M,,,,www.epza.gov.pk,Win 2003,mirror
3/24/2008,Fatal Error,H,,,,,www.kpf.gov.pk,Win 2003,mirror
3/24/2008,Mafia Hacking Team,H,M,,,,www.sindhhighcourt.gov.pk,Win 2003,mirror
3/21/2008,Devil Code,H,,,,,www.paco.gov.pk,Win 2003,mirror
3/19/2008,Hmei7,,,,,,gulbergtownlahore.gov.pk/Modul...,Win 2000,mirror
3/10/2008,Tcp-Hijacker,,,,,,www.nha.gov.pk/Document/Users/...,Win 2003,mirror
2/21/2008,Tcp-Hijacker,,M,,,,www.nrss.gov.pk/hacked.asp,Win 2003,mirror
12/16/2007,DeltahackingSecurityTEAM,,,R,,,pemra.gov.pk/pemra/delta.htm,Win 2000,mirror
12/14/2007,BiyoSecurityTeam,,,,,,sargodhapolice.gov.pk/codex.html,Win 2003,mirror
11/15/2007,Hmei7,,,,,,www.ipo.gov.pk/Common/News.aspx,Win 2003,mirror
11/15/2007,Fatal Error,,,,,,www.lesco.gov.pk/Modules/News/...,Win 2003,mirror
11/11/2007,eMP3R0r TEAM,,M,,,,en.nap.gov.pk/index.htm,Win 2003,mirror
11/11/2007,eMP3R0r TEAM,,M,,,,nap.gov.pk/images/index.htm,Win 2003,mirror
11/11/2007,eMP3R0r TEAM,H,M,,,,www.ajkpolice.gov.pk,Win 2003,mirror
11/9/2007,DeltahackingSecurityTEAM,,,R,,,edb.gov.pk/delta.htm,Win 2003,mirror
9/28/2007,SiberAskerler.Org,,,R,,,www.pakmission-uk.gov.pk/index...,Win 2000,mirror
7/22/2007,Mafia Hacking Team,,,,,,pitac.gov.pk/prof.htm,Win 2003,mirror
7/22/2007,prem7pun!sher,,,R,,,www.karachicity.gov.pk/index.asp,Win 2003,mirror
7/9/2007,sinaritx,,,,,,www.punjab-prmp.gov.pk/index.html,Win 2003,mirror
6/22/2007,By_CECEN,,M,,,,www.grbipunjab.gov.pk/ccn.html,Win 2003,mirror
5/18/2007,M3rhametsiz,,,,,,new.ncsw.gov.pk/uploads,Linux,mirror
5/18/2007,M3rhametsiz,,M,,,,www.ncsw.gov.pk/new/uploads,Linux,mirror
5/4/2007,DigitalMind,H,,,,,www.gwadar.gov.pk,Win 2000,mirror
4/17/2007,mdx,,M,,,,pakistantourism.gov.pk/iyikido...,Win 2003,mirror
4/17/2007,mdx,,M,,,,hrmaep.gov.pk/iyikidogdun[cw].txt,Win 2003,mirror
4/17/2007,mdx,,M,,,,pmajk.gov.pk/iyikidogdun[cw].txt,Win 2003,mirror
4/17/2007,mdx,,M,,,,ngosinfo.gov.pk/iyikidogdun[cw...,Win 2003,mirror
4/11/2007,Mafia Hacking Team,,,,,,pakpost.gov.pk/dr.htm,Win 2003,mirror
3/21/2007,Black Roots,,,,,,www.multan.gov.pk/Admin,Win 2003,mirror
3/12/2007,Mafia Hacking Team,,,,,,khanewalpolice.gov.pk/dr.htm,Win 2003,mirror
3/1/2007,DeltahackingSecurityTEAM,H,M,,,,hiva.jhelumpolice.gov.pk,Win 2003,mirror
2/26/2007,DeltahackingSecurityTEAM,,M,,,,1pock.muzaffargarhpolice.gov.p...,Win 2003,mirror
2/24/2007,DeltahackingSecurityTEAM,H,,,,,elsa.bab-e-pakistan.gov.pk,Win 2003,mirror
2/23/2007,Mafia Hacking Team,,,,,,mianwalipolice.gov.pk/dr.htm,Win 2003,mirror
2/22/2007,DeltahackingSecurityTEAM,H,M,,,,yasaki.jhelumpolice.gov.pk,Win 2003,mirror
2/20/2007,DeltahackingSecurityTEAM,H,M,,,,benis.bahawalnagarpolice.gov.pk,Win 2003,mirror
2/19/2007,DeltahackingSecurityTEAM,H,M,,,,uro.jhelumpolice.gov.pk,Win 2003,mirror
2/18/2007,DeltahackingSecurityTEAM,H,M,,,,seinor.ttsinghpolice.gov.pk,Win 2003,mirror
2/18/2007,DeltahackingSecurityTEAM,H,M,,,,univercity.bab-e-pakistan.gov.pk,Win 2003,mirror
2/16/2007,DeltahackingSecurityTEAM,H,M,,,,atomic.jhelumpolice.gov.pk,Win 2003,mirror
2/15/2007,DeltahackingSecurityTEAM,,M,,,,www.rescue.gov.pk/notice.asp,Win 2003,mirror
2/15/2007,DeltahackingSecurityTEAM,H,M,,,,karachi.ttsinghpolice.gov.pk,Win 2003,mirror
2/14/2007,Mafia Hacking Team,,M,,,,hafizabadpolice.gov.pk/dr.htm,Win 2003,mirror
2/14/2007,DeltahackingSecurityTEAM,H,,,,,3128.jhelumpolice.gov.pk,Win 2003,mirror
2/11/2007,DeltahackingSecurityTEAM,H,M,,,,interpol.jhelumpolice.gov.pk,Win 2003,mirror
2/9/2007,Mafia Hacking Team,,,,,,bahawalpurpolice.gov.pk/dr.htm,Win 2003,mirror
2/8/2007,DeltahackingSecurityTEAM,,M,,,,ttsinghpolice.gov.pk/Delta.Sec...,Win 2003,mirror
2/5/2007,DeltahackingSecurityTEAM,H,M,,,,rajanpurpolice.gov.pk,Win 2003,mirror
2/4/2007,DeltahackingSecurityTEAM,,M,,,,muzaffargarhpolice.gov.pk/defa...,Win 2003,mirror
2/2/2007,DeltahackingSecurityTEAM,,,,,,kasurpolice.gov.pk/index.html,Win 2003,mirror
1/27/2007,DeltahackingSecurityTEAM,H,M,,,,khushabpolice.gov.pk,Win 2003,mirror
1/25/2007,DeltahackingSecurityTEAM,H,M,,,,jhelumpolice.gov.pk,Win 2003,mirror
1/23/2007,DeltahackingSecurityTEAM,H,M,,,,bahawalnagarpolice.gov.pk,Win 2003,mirror
1/21/2007,DeltahackingSecurityTEAM,H,M,,,,kicha.bab-e-pakistan.gov.pk,Win 2003,mirror
1/20/2007,DeltahackingSecurityTEAM,H,,,,,bab-e-pakistan.gov.pk,Win 2003,mirror
1/18/2007,PSYCH@,,M,,,,www.jobs.gov.pk/careers.asp,Win 2000,mirror
1/16/2007,Firewall,,,R,,,www.commerce.gov.pk/index.asp,Win 2000,mirror
1/16/2007,Firewall,H,,R,,,www.badin.gov.pk,Win 2000,mirror
1/15/2007,iskorpitx,,,,,,www.bankingmohtasib.gov.pk/def...,Win 2003,mirror
1/15/2007,iskorpitx,,,,,,www.sdssp.gov.pk/default.html,Win 2003,mirror
12/31/2006,Iran Black Hats Team,,,R,,,www.pakmission-uk.gov.pk/ibh.html,Win 2003,mirror
11/24/2006,DeltahackingSecurityTEAM,,,,,,mtbfpakistan.gov.pk/delta.htm,Win 2003,mirror
11/22/2006,DeltahackingSecurityTEAM,,M,,,,eobi.gov.pk/delta.htm,Win 2000,mirror
11/21/2006,DeltahackingSecurityTEAM,,,,,,lodhranpolice.gov.pk/delta.htm,Win 2000,mirror
11/1/2006,DeltahackingSecurityTEAM,,M,,,,pemra.gov.pk/pemra/delta.htm,Win 2000,mirror
11/1/2006,DeltahackingSecurityTEAM,,M,,,,www.faisalabad.gov.pk/delta.htm,Win 2000,mirror
10/29/2006,DeltahackingSecurityTEAM,,,,,,www.sindhedu.gov.pk/delta.htm,Win 2000,mirror
10/28/2006,DeltahackingSecurityTEAM,,M,,,,edb.gov.pk/delta.htm,Win 2003,mirror
10/28/2006,DeltahackingSecurityTEAM,,,,,,ldc.gov.pk/delta.htm,Win 2003,mirror
10/28/2006,iskorpitx,,M,,,,gulshantownkarachi.gov.pk/inde...,Win 2003,mirror
