link, LinkCount, EmailCount, FileCount, Files, LinkFormat, 
15icge-9aygec.uet.edu.pk, 19, 0, 0, [], ['https:'; 'http:'], 
15icge-9aygec.uet.edu.pk, 19, 0, 0, [], ['https:'; 'http:'], 
3dtechnologies.com.pk, 19, 0, 2, ['.aspx'; '.html'], ['http:'], 
3i.com.pk, URL Down, , , , , 
4yaarinc.pk, 108, 0, 2, ['.aspx'; '.html'], ['http:'], 
7stripe.com.pk, 337, 2, 2, ['.pdf'; '.php'], ['http:'], 
a1shopping.pk, 1215, 1, 0, [], ['https:'], 
aaadvocates.com.pk, URL Down, , , , , 
aabco.pk, 97, 1, 1, ['.pdf'], ['https:'; 'http:'], 
aaca.com.pk, 6, 0, 0, [], [], 
aaconsultant.com.pk, 61, 3, 3, ['.aspx'; '.php'; '.html'], ['https:'; 'callto:'; 'http:'], 
aahs.kmu.edu.pk, 37, 0, 1, ['.php'], ['http:'; 'http:'], 
aai.com.pk, 4, 0, 0, [], ['http:'], 
aalybrothers.com.pk, 0, 0, 0, [], [], 
aarain.pk, URL Down, , , , , 
aas.net.pk, 102, 2, 0, [], ['https:'; 'http:'], 
aasolarsolutions.pk, 31, 1, 0, [], ['https:'], 
aawan.pk, URL Down, , , , , 
abbottabad.financekpp.gov.pk, URL Down, , , , , 
abdulkabir.pk, 51, 0, 0, [], ['https:'; 'http:'], 
abdullahengineering.com.pk, 61, 3, 0, [], ['https:'], 
abidali.com.pk, 12, 0, 1, ['.aspx'], ['https:'; 'http:'], 
abidhospital.pk, 13, 1, 0, [], ['https:'; 'http:'], 
abms.kmu.edu.pk, 43, 0, 1, ['.php'], ['https:'; 'https:'], 
abuzar.com.pk, URL Down, , , , , 
acco.com.pk, 73, 0, 1, ['.php'], ['https:'], 
aci.org.pk, 60, 0, 0, [], ['https:'], 
acms.uvas.edu.pk, 3, 0, 1, ['.aspx'], [], 
actma.edu.pk, Access Denied, , , , , 
adcounsel.com.pk, 10, 0, 1, ['.aspx'], [], 
added.pk, 80, 4, 0, [], ['https:'; 'http:'], 
admission.net.pk, 39, 0, 0, [], ['https:'; 'http:'], 
admissions.hec.gov.pk, Access Denied, , , , , 
admissions.iobm.edu.pk, 155, 1, 1, ['.aspx'], ['https:'; 'http:'], 
admissions.pakaims.edu.pk, 3, 0, 1, ['.pdf'], ['https:'], 
aeg.com.pk, 35, 1, 1, ['.aspx'], ['https:'; 'http:'], 
aegenterprises.com.pk, 22, 1, 1, ['.aspx'], ['http:'], 
aegfrenchvisa.com.pk, 25, 3, 1, ['.aspx'], ['https:'; 'http:'], 
affcoll.gcuf.edu.pk, 1, 0, 0, [], [], 
afip.gov.pk, Access Denied, , , , , 
agfp.gov.pk, 40, 0, 0, [], ['https:'; 'http:'], 
agop.gov.pk, Access Denied, , , , , 
agpunjab.gov.pk, 0, 0, 0, [], [], 
agri.sindh.gov.pk, Access Denied, , , , , 
agric.kp.gov.pk, URL Down, , , , , 
agriculture.ajk.gov.pk, 37, 0, 0, [], ['https:'; 'http:'], 
agriculturemis.punjab.gov.pk, Access Denied, , , , , 
ah.com.pk, 23, 0, 0, [], ['https:'], 
ahil.com.pk, 30, 0, 0, [], ['http:'], 
ahpe.kmu.edu.pk, 46, 0, 1, ['.php'], ['http:'], 
ahuja.pk, 5, 0, 0, [], [], 
aims.ajk.gov.pk, 12, 0, 0, [], ['https:'], 
ais.com.pk, URL Down, , , , , 
aisp.edu.pk, 22, 0, 0, [], ['https:'], 
ajk.gov.pk, 137, 0, 0, [], ['https:'; 'http:'], 
ajklgrd.gov.pk, 2, 0, 0, [], ['http:'], 
ajktourism.gov.pk, 139, 0, 0, [], ['https:'; 'http:'], 
ajkzameen.gok.pk, 31, 0, 0, [], ['https:'], 
ajoka.org.pk, 86, 0, 0, [], ['https:'], 
akenterprises.pk, 19, 0, 2, ['.aspx'; '.html'], ['http:'], 
akmidc.ajk.gov.pk, 3, 0, 0, [], ['https:'], 
alasr.org.pk, 62, 0, 2, ['.pdf'; '.php'], ['https:'; 'http:'], 
alfaisal.pk, 89, 0, 1, ['.pdf'], ['https:'], 
alfalahinsurance.com.pk, 19, 0, 2, ['.aspx'; '.html'], ['https:'; 'http:'], 
alhamra.com.pk, 186, 1, 0, [], ['https:'], 
aliainternational.com.pk, 44, 2, 0, [], ['http:'], 
alitraders.com.pk, 0, 0, 0, [], [], 
aliyab.pk, Access Denied, , , , , 
aljadeed.net.pk, 36, 0, 2, ['.py'; '.html'], ['https:'; 'http:'], 
aljazari.urbanunit.gov.pk, 22, 0, 1, ['.html'], [], 
alkauthar.edu.pk, 36, 4, 0, [], ['https:'; 'http:'], 
almas.salu.edu.pk, 79, 1, 1, ['.php'], ['http:'; 'http:'], 
almo.pk, 19, 0, 2, ['.aspx'; '.html'], ['https:'; 'http:'], 
alnafitrust.org.pk, 48, 1, 0, [], ['https:'], 
alnafoura.com.pk, 21, 0, 1, ['.php'], ['https:'], 
alphaautomation.pk, 1, 1, 0, [], [], 
alphaint.com.pk, 7, 0, 0, [], ['https:'], 
alrehmanfiberglass.pk, 26, 0, 2, ['.aspx'; '.html'], ['https:'], 
alshahbaz.com.pk, URL Down, , , , , 
altariqgroup.com.pk, 4, 0, 0, [], ['http:'], 
alumni.iobm.edu.pk, 0, 0, 0, [], [], 
alwahab.pk, URL Down, , , , , 
alwajid.pk, 52, 0, 1, ['.pdf'], ['https:'; 'http:'], 
amanahmall.com.pk, 148, 2, 0, [], ['https:'; 'http:'], 
amberchemicalindustries.pk, 59, 0, 0, [], ['https:'; 'http:'], 
amms.pk, 9, 2, 0, [], ['https:'], 
anarkalifabrics.com.pk, 98, 0, 0, [], ['https:'], 
ank.com.pk, 10, 0, 0, [], ['http:'], 
anms.pk, Access Denied, , , , , 
aop.com.pk, 0, 0, 0, [], [], 
apexengineers.com.pk, 1, 1, 0, [], [], 
apexims.edu.pk, 1, 1, 0, [], [], 
aphds.hec.gov.pk, 0, 0, 0, [], [], 
apnasarbaaz.pk, URL Down, , , , , 
apnimart.pk, 0, 0, 0, [], [], 
app.hec.gov.pk, 145, 0, 0, [], ['https:'; 'http:'], 
app.lumhs.edu.pk, 138, 0, 2, ['.php'; '.html'], ['https:'; 'http:'], 
aprbb.com.pk, 36, 0, 1, ['.html'], ['https:'; 'http:'], 
apsa.org.pk, 0, 0, 0, [], [], 
aptpma.com.pk, 94, 0, 0, [], ['https:'; 'http:'], 
aqua.pk, 97, 0, 1, ['.php'], ['https:'; 'http:'], 
aquapura.pk, 7, 0, 0, [], [], 
aquashield.com.pk, 78, 1, 0, [], ['https:'; 'http:'], 
arabianelevators.com.pk, 21, 0, 0, [], ['https:'; 'http:'], 
ardi.com.pk, 0, 0, 0, [], [], 
arehman.pk, 2, 0, 0, [], [], 
arenamobile.pk, URL Down, , , , , 
ariana.com.pk, 0, 0, 0, [], [], 
arif-group.com.pk, 19, 0, 2, ['.aspx'; '.html'], ['https:'; 'http:'], 
arqs.pk, 231, 2, 0, [], ['https:'; 'http:'], 
artstudio.com.pk, 68, 0, 2, ['.pdf'; '.php'], ['https:'], 
as-enterprises.com.pk, 39, 0, 1, ['.html'], ['http:'], 
asaani.com.pk, 44, 0, 3, ['.txt'; '.php'; '.html'], [], 
ash.org.pk, URL Down, , , , , 
askaricadetcollege.edu.pk, URL Down, , , , , 
atifaslam.pk, 0, 0, 0, [], [], 
atir.gov.pk, URL Down, , , , , 
attock.dc.lhc.gov.pk, 46, 0, 1, ['.aspx'], ['http:'], 
aup.edu.pk, 119, 0, 1, ['.php'], ['https:'; 'http:'], 
auqaf.ajk.gov.pk, 19, 0, 0, [], ['https:'], 
auraadvertising.com.pk, 0, 0, 0, [], [], 
auraadvertising.pk, 0, 0, 0, [], [], 
auracommunication.com.pk, 6, 0, 1, ['.html'], [], 
auracommunication.pk, 0, 0, 0, [], [], 
avian.pk, 2, 0, 0, [], ['https:'], 
aws.pmd.gov.pk, 13, 0, 2, ['.aspx'; '.html'], ['https:'], 
axistrade.pk, 0, 0, 0, [], [], 
ayubians.edu.pk, 44, 0, 0, [], ['https:'], 
azadchaiwala.pk, 36, 1, 0, [], ['https:'], 
b4less.pk, 789, 2, 0, [], ['https:'; 'http:'], 
badin.opf.edu.pk, Access Denied, , , , , 
badloo.pk, 18, 0, 2, ['.aspx'; '.html'], ['https:'; 'http:'], 
bahawalnagar.dc.lhc.gov.pk, 41, 0, 1, ['.aspx'], ['http:'], 
bahawalpur.dc.lhc.gov.pk, 71, 0, 1, ['.aspx'], ['http:'], 
bahawalpurmp.urbanunit.gov.pk, Access Denied, , , , , 
bahoto.pk, 5, 0, 0, [], [], 
baig.pk, 5, 0, 0, [], [], 
baitussalam.com.pk, URL Down, , , , , 
bakhtawar.pk, 1, 1, 0, [], [], 
baloach.pk, 8, 0, 0, [], [], 
balochistan.gov.pk, 130, 0, 0, [], ['https:'; 'http:'], 
bannu.financekpp.gov.pk, URL Down, , , , , 
barter.com.pk, 0, 0, 0, [], [], 
baskit.pk, 1, 0, 0, [], ['http:'], 
baskkit.pk, 20, 0, 1, ['.php'], [], 
batagram.financekpp.gov.pk, Access Denied, , , , , 
batra.pk, 5, 0, 0, [], [], 
bazar.com.pk, 1, 0, 0, [], ['https:'], 
bcb.com.pk, URL Down, , , , , 
bccg.edu.pk, 117, 0, 1, ['.pdf'], ['https:'], 
bci.opf.edu.pk, 0, 0, 0, [], [], 
bckk.edu.pk, 44, 0, 1, ['.php'], ['http:'], 
beastnutrition.com.pk, 148, 0, 0, [], ['https:'], 
bebridge.uvas.edu.pk, 0, 0, 0, [], [], 
beef.org.pk, 37, 0, 2, ['.pdf'; '.php'], ['https:'; 'http:'], 
bemyguest.pk, 19, 0, 0, [], ['https:'], 
benq.com.pk, 63, 1, 0, [], ['https:'], 
beready.pk, 138, 0, 0, [], ['https:'; 'http:'], 
berlex.pk, 25, 0, 0, [], ['https:'; 'http:'], 
bestview.com.pk, 102, 0, 1, ['.php'], ['https:'; 'http:'], 
betahomes.com.pk, Access Denied, , , , , 
betapipes.com.pk, 101, 0, 1, ['.aspx'], ['https:'; 'http:'], 
beyondbeauty.sol.edu.pk, 4, 0, 0, [], [], 
bhagoor.pk, 5, 0, 0, [], [], 
bhakkar.dc.lhc.gov.pk, 36, 0, 1, ['.aspx'], ['http:'], 
bhalwal.opf.edu.pk, Access Denied, , , , , 
bhojwani.pk, 5, 0, 0, [], [], 
bhughio.pk, 5, 0, 0, [], [], 
bigb.com.pk, 17, 0, 0, [], [], 
bikesales.com.pk, 215, 0, 0, [], ['https:'], 
binzahid.pk, 1, 0, 0, [], ['http:'], 
biocare.pk, 131, 0, 1, ['.pdf'], ['https:'; 'http:'], 
bisedik.edu.pk, 45, 0, 3, ['.php'; '.aspx'; '.pdf'], ['http:'], 
bismillahfabrics.com.pk, 41, 2, 1, ['.php'], ['https:'; 'http:'], 
bisp.gov.pk, 154, 0, 2, ['.aspx'; '.pdf'], ['https:'; 'http:'], 
bitelo.pk, 3, 0, 0, [], ['http:'], 
bizcon.pk, 42, 0, 0, [], ['https:'], 
bizfix.com.pk, URL Down, , , , , 
bls.com.pk, Access Denied, , , , , 
bookhome.urdubook.pk, 0, 0, 0, [], [], 
bookstore.urbanunit.gov.pk, 0, 0, 0, [], [], 
boostnetwork.pk, 4, 0, 0, [], ['https:'; 'http:'], 
bor.ajk.gov.pk, Access Denied, , , , , 
bor.punjab.gov.pk, 53, 0, 0, [], ['https:'], 
borsindh.gov.pk, 1, 1, 0, [], [], 
bosstechnologies.com.pk, URL Down, , , , , 
bozdar.pk, 6, 0, 0, [], [], 
brainscollege.edu.pk, 22, 0, 2, ['.php'; '.html'], ['https:'], 
brandaura.pk, 1, 0, 1, ['.js'], ['http:'], 
brandedbazaar.pk, 23, 0, 0, [], ['https:'; 'http:'], 
brandsonline.com.pk, 0, 0, 0, [], [], 
breeo.com.pk, 22, 0, 1, ['.html'], ['https:'; 'http:'], 
bridalcollection.pk, 0, 0, 0, [], [], 
bridaldresses.com.pk, Access Denied, , , , , 
brightleather.com.pk, 243, 1, 0, [], ['https:'; 'http:'], 
bringiton.com.pk, 0, 0, 0, [], [], 
bro-code.pk, 4, 0, 0, [], [], 
brohi.pk, 5, 0, 0, [], [], 
bsmart.pk, 0, 0, 0, [], [], 
bssolutions.com.pk, 68, 0, 0, [], ['https:'], 
btsc.edu.pk, URL Down, , , , , 
buckle.com.pk, 0, 0, 0, [], [], 
buildchem.pk, 23, 1, 1, ['.php'], ['tel:'], 
buledi.pk, 5, 0, 0, [], [], 
buner.financekpp.gov.pk, Access Denied, , , , , 
buraaq.pk, 5, 0, 0, [], [], 
burhana.pk, 5, 0, 0, [], [], 
cabinet.gov.pk, 110, 0, 1, ['.pdf'], ['https:'; 'http:'], 
caimage.radio.gov.pk, 186, 0, 0, [], ['https:'; 'http:'], 
californiadairydreams.pk, 47, 0, 1, ['.php'], ['https:'], 
campaign.com.pk, 38, 0, 0, [], ['https:'; 'http:'], 
campusadmin.pk, 18, 0, 0, [], [], 
cancertreatment.pk, 11, 0, 0, [], ['http:'], 
canvas.iobm.edu.pk, Access Denied, , , , , 
capitalevents.pk, 10, 0, 0, [], ['https:'], 
carebuilders.pk, 0, 0, 0, [], [], 
careplasticindustries.com.pk, 4, 0, 0, [], [], 
carrysmart.com.pk, 0, 0, 0, [], [], 
carsalert.pk, 21, 0, 4, ['.txt'; '.php'; '.html'; '.zip'], [], 
cas.org.pk, 31, 0, 0, [], [], 
casagrande.com.pk, Access Denied, , , , , 
cbkamra.gov.pk, 82, 0, 1, ['.pdf'], ['https:'; 'http:'], 
cbm.iobm.edu.pk, 137, 1, 1, ['.aspx'], ['https:'; 'http:'], 
cbsialkot.gov.pk, 95, 0, 1, ['.pdf'], ['https:'; 'http:'], 
cc.gov.pk, 130, 0, 4, ['.pdf'; '.aspx'; '.php'; '.html'], ['https:'; 'http:'], 
cccexcise.punjab.gov.pk, Access Denied, , , , , 
cco.uet.edu.pk, 22, 0, 1, ['.php'], ['https:'], 
ccplahore.punjab.gov.pk, Access Denied, , , , , 
ccsis.iobm.edu.pk, 128, 1, 0, [], ['https:'; 'http:'], 
cda.gov.pk, 126, 0, 3, ['.aspx'; '.pdf'; '.html'], ['http:'], 
cedarwoodresort.pk, URL Down, , , , , 
ceec.uet.edu.pk, 51, 0, 1, ['.pdf'], ['https:'; 'http:'], 
centralbanknig.srdb.gop.pk, 4, 0, 0, [], [], 
cerad.uet.edu.pk, 102, 0, 0, [], [' https:'; 'https:'], 
cerebrums.com.pk, 13, 0, 0, [], ['https:'; 'http:'], 
ces.iobm.edu.pk, 120, 1, 0, [], ['https:'; 'http:'], 
cesd.iobm.edu.pk, 132, 1, 0, [], ['https:'; 'http:'], 
cgit.pk, 43, 2, 0, [], ['https:'; 'http:'], 
cgpi.pk, 94, 1, 1, ['.html'], [' https:'; 'https:'; 'http:'], 
cgpsc.edu.pk, 35, 1, 0, [], ['http:'], 
chachar.pk, 6, 0, 0, [], [], 
chajjo.pk, 6, 0, 1, ['.html'], [], 
chakwal.dc.lhc.gov.pk, 61, 0, 1, ['.aspx'], ['http:'], 
charsadda.financekpp.gov.pk, URL Down, , , , , 
chaseup.com.pk, 2474, 0, 2, ['.pdf'; '.php'], ['https:'], 
chatbot.com.pk, 0, 0, 0, [], [], 
cheaphost.com.pk, 1, 0, 0, [], ['http:'], 
chemtrade.com.pk, 34, 0, 1, ['.php'], ['http:'], 
childfriendly.pk, 37, 0, 0, [], ['https:'], 
chinashop.pk, URL Down, , , , , 
chiniot.dc.lhc.gov.pk, 46, 0, 1, ['.aspx'], ['http:'], 
chitral.financekpp.gov.pk, URL Down, , , , , 
chk.gov.pk, 149, 0, 1, ['.pdf'], ['http:'; ' http:'], 
chocolusion.com.pk, 1, 0, 0, [], ['http:'], 
cholistan.gov.pk, 44, 1, 4, ['.doc'; '.pdf'; '.php'; '.js'], ['https:'; 'http:'], 
chotay.pk, 255, 0, 1, ['.php'], ['https:'], 
cid.punjab.gov.pk, Access Denied, , , , , 
cigar.pk, 411, 1, 2, ['.mp4'; '.html'], ['https:'; 'http:'], 
cigars.pk, 0, 0, 0, [], [], 
cine.pk, 274, 0, 0, [], ['https:'; 'http:'], 
citiheights.pk, 54, 0, 3, ['.aspx'; '.php'; '.html'], ['https:'; 'http:'], 
citiscience.pk, 132, 0, 1, ['.php'], ['https:'], 
civildefence.gov.pk, 128, 0, 1, ['.pdf'], ['https:'], 
cleangreenindex.gov.pk, 94, 1, 1, ['.html'], [' https:'; 'https:'; 'http:'], 
cm.sindh.gov.pk, 48, 0, 0, [], ['https:'; 'http:'], 
cmcengineering.com.pk, 37, 0, 1, ['.html'], ['https:'], 
cmit.sindh.gov.pk, Access Denied, , , , , 
coa.org.pk, 60, 1, 0, [], ['https:'; 'http:'], 
col.aiou.edu.pk, Access Denied, , , , , 
colleges.ajk.gov.pk, 32, 0, 3, ['.aspx'; '.pdf'; '.html'], ['https:'; 'http:'], 
combinedeng.com.pk, 55, 0, 1, ['.php'], ['https:'], 
comfortinn.pk, 0, 0, 0, [], [], 
comma.pk, URL Down, , , , , 
commissionerkarachi.gos.pk, 28, 0, 1, ['.html'], ['https:'], 
communication.gov.pk, 52, 0, 2, ['.aspx'; '.php'], ['https:'; 'http:'], 
complaint.dgip.gov.pk, 5, 0, 1, ['.php'], ['http:'], 
complaint.pta.gov.pk, 1, 0, 0, [], [], 
conceptlab.pk, 14, 2, 0, [], ['https:'], 
conceptschools.edu.pk, 4, 0, 0, [], [], 
conceptsunlimited.com.pk, 4, 0, 0, [], [], 
condomonline.pk, 21, 0, 1, ['.php'], ['https:'; 'http:'], 
conferences.uet.edu.pk, URL Down, , , , , 
constech.com.pk, 112, 0, 0, [], ['https:'], 
consultancy.urbanunit.gov.pk, 0, 0, 0, [], [], 
contactnow.pk, 99, 0, 1, ['.php'], ['https:'; 'http:'], 
content.urbanunit.gov.pk, 0, 0, 0, [], [], 
convocation.gcuf.edu.pk, 3, 0, 1, ['.php'], ['http:'], 
convocation.iobm.edu.pk, 19, 0, 0, [], ['https:'], 
corona.com.pk, 19, 0, 2, ['.aspx'; '.html'], ['https:'; 'http:'], 
coronapaints.com.pk, 6, 0, 0, [], ['http:'], 
cpec.gov.pk, 196, 2, 2, ['.pdf'; '.html'], ['https:'; 'http:'], 
cpi.org.pk, 131, 1, 2, ['.aspx'; '.html'], [], 
craftwood.pk, 11, 0, 0, [], [], 
crckp.gov.pk, 33, 1, 0, [], ['https:'; 'http:'], 
creativesolutions.pk, 17, 1, 0, [], ['https:'], 
creativo.com.pk, URL Down, , , , , 
crm360.pk, 0, 0, 0, [], [], 
crownsfield.pk, 504, 0, 1, ['.php'], ['https:'; 'http:'], 
crts.org.pk, 0, 0, 0, [], [], 
csa.gov.pk, 102, 0, 0, [], ['https:'; 'http:'], 
cse.uet.edu.pk, 11, 0, 0, [], ['https:'; 'http:'], 
cspc.punjab.gov.pk, Access Denied, , , , , 
csut.urbanunit.gov.pk, Access Denied, , , , , 
culture.sindh.gov.pk, Access Denied, , , , , 
customspreventivelahore.gov.pk, 0, 0, 0, [], [], 
cwg.com.pk, 46, 0, 1, ['.pdf'], ['http:'], 
cyberisk.com.pk, 59, 1, 1, ['.html'], ['https:'], 
cymbios.pk, 5, 0, 0, [], [], 
dadu.opf.edu.pk, Access Denied, , , , , 
daewoofastex.pk, 77, 0, 1, ['.aspx'], ['https:'], 
dailyurran.pk, 0, 0, 0, [], [], 
daradesignstudio.pk, 30, 0, 0, [], ['http:'], 
darco.pk, 0, 0, 0, [], [], 
daroodcircle.pk, 1, 1, 0, [], [], 
darulshaour.urdubook.pk, 0, 0, 0, [], [], 
das.hec.gov.pk, Access Denied, , , , , 
datacardprinters.pk, 40, 1, 0, [], ['https:'; 'http:'], 
dawaai247.pk, 19, 0, 2, ['.aspx'; '.html'], ['https:'; 'http:'], 
dayo.pk, 5, 0, 0, [], [], 
dcthatta.gov.pk, 1, 0, 0, [], [], 
deewar.pk, URL Down, , , , , 
dekalb.com.pk, 41, 1, 1, ['.pdf'], ['https:'; 'http:'], 
delivers.pk, URL Down, , , , , 
delser.com.pk, URL Down, , , , , 
depalpur.opf.edu.pk, Access Denied, , , , , 
des.hec.gov.pk, 0, 0, 0, [], [], 
dev.hec.gov.pk, Access Denied, , , , , 
developmentlab.pk, 0, 0, 0, [], [], 
devign.pk, 1, 1, 0, [], [], 
dgdp.gov.pk, 66, 5, 4, ['.doc'; '.pdf'; '.php'; '.html'], ['https:'; 'http:'], 
dgipr.kpdata.gov.pk, 165, 1, 0, [], ['https:'; 'http:'], 
dgkhan.dc.lhc.gov.pk, 39, 0, 1, ['.aspx'], ['http:'], 
dgmepunjab.gov.pk, 177, 0, 1, ['.aspx'], ['https:'; 'http:'], 
dgto.gov.pk, 81, 2, 4, ['.html'; '.doc'; '.pdf'; '.docx'], ['http:'], 
diceew2016.uet.edu.pk, 41, 0, 1, ['.pdf'], ['https:'; 'http:'], 
digital-academy.com.pk, 5, 0, 1, ['.php'], [], 
digitalbranding.pk, 0, 0, 0, [], [], 
digitalelectronics.com.pk, 13, 1, 0, [], ['https:'; 'http:'], 
digitalmarketingconsultant.pk, 62, 0, 0, [], ['https:'; 'http:'], 
digitalplanet.com.pk, 0, 0, 0, [], [], 
digitals.com.pk, 4, 0, 0, [], [], 
dikhan.financekpp.gov.pk, Access Denied, , , , , 
dil.com.pk, 0, 0, 0, [], [], 
dinein.pk, 184, 0, 1, ['.html'], ['https:'; 'http:'], 
dinproperties.com.pk, 98, 2, 0, [], ['https:'; 'http:'], 
directory.iobm.edu.pk, Access Denied, , , , , 
disabilityjobcenter.pk, 73, 0, 0, [], ['https:'; 'http:'], 
districtcourtnorthwaziristan.gov.pk, 25, 0, 2, ['.pdf'; '.php'], ['https:'; 'http:'], 
districtcourtsbuner.gov.pk, 75, 0, 2, ['.php'; '.html'], ['http:'], 
districtcourtthatta.gov.pk, 42, 0, 3, ['.pdf'; '.php'; '.html'], ['https:'; 'http:'], 
dmg.punjab.gov.pk, Access Denied, , , , , 
dnadata.urbanunit.gov.pk, Access Denied, , , , , 
doe.gov.pk, 0, 0, 0, [], [], 
doe.iobm.edu.pk, Access Denied, , , , , 
domicile.punjab.gov.pk, 3, 0, 1, ['.aspx'], ['http:'], 
dostonline.pk, 0, 0, 0, [], [], 
dotpost.pakpost.gov.pk, Access Denied, , , , , 
download1.fbr.gov.pk, 1, 0, 0, [], ['http:'], 
downloads.nha.gov.pk, 1, 1, 0, [], [], 
dra.gov.pk, 237, 3, 6, ['.xls'; '.pdf'; '.doc'; '.docx'; '.rar'; '.xlsx'], ['https:'; 'http:'], 
dramin.pk, 83, 0, 0, [], ['https:'], 
dressco.pk, URL Down, , , , , 
drought.pmd.gov.pk, 12, 0, 0, [], ['https:'], 
dsa.gcuf.edu.pk, 1, 0, 0, [], [], 
dsjfaisalabad.gov.pk, 14, 0, 0, [], ['https:'; 'http:'], 
dteksolutions.pk, 44, 0, 1, ['.php'], ['https:'; 'http:'], 
e-compare.com.pk, 12, 0, 1, ['.php'], [], 
ead.gov.pk, 94, 0, 2, ['.doc'; '.aspx'], ['https:'; 'http:'], 
earthenterprises.com.pk, 97, 0, 0, [], ['https:'; 'http:'], 
eataroo.pk, 12, 0, 1, ['.php'], ['https:'; 'http:'], 
ebazaar.pk, 1, 1, 0, [], [], 
echowater.pk, 0, 0, 0, [], [], 
ecobanknigplc.srdb.gop.pk, 4, 0, 0, [], [], 
edb.gov.pk, 0, 0, 0, [], [], 
edgecollege.pk, URL Down, , , , , 
educare.net.pk, 5, 1, 0, [], ['https:'], 
ee.uet.edu.pk, URL Down, , , , , 
eeksk.uet.edu.pk, 107, 0, 1, ['.html'], ['https:'; 'http:'], 
ees.com.pk, 20, 0, 0, [], ['https:'], 
egia.pk, 84, 0, 1, ['.php'], ['http:'], 
egt.punjab.gov.pk, Access Denied, , , , , 
ehn.com.pk, 69, 1, 1, ['.aspx'], ['https:'; 'http:'], 
ehsaas.org.pk, 0, 0, 0, [], [], 
eji.fja.gov.pk, 44, 0, 2, ['.pdf'; '.php'], ['http:'], 
ejiforms.fja.gov.pk, 0, 0, 0, [], [], 
elaj.com.pk, 5, 0, 1, ['.php'], [], 
elearn.fde.gov.pk, 11, 0, 1, ['.php'], ['http:'], 
elearn.pk, URL Down, , , , , 
electricity.ajk.gov.pk, URL Down, , , , , 
eleganzluxury.com.pk, 36, 2, 0, [], ['https:'], 
eleganzluxury.pk, 36, 2, 0, [], ['https:'], 
elinks.pk, 4, 1, 1, ['.html'], ['https:'; 'http:'], 
elitecars.pk, 1, 1, 0, [], [], 
emay.pk, 171, 0, 0, [], ['https:'], 
emis.fde.gov.pk, 3, 0, 1, ['.html'], [], 
emtech.pk, 92, 0, 1, ['.php'], ['http:'], 
enercon.gov.pk, 1, 0, 0, [], ['https:'], 
energyaudit.uet.edu.pk, 0, 0, 0, [], [], 
engineersestate.com.pk, 89, 2, 1, ['.php'], ['https:'], 
entcollection.punjab.gov.pk, Access Denied, , , , , 
entertech.pk, 3, 0, 0, [], [], 
environment.gov.pk, 75, 0, 3, ['.pdf'; '.php'; '.html'], ['http:'], 
enzyme.com.pk, 57, 0, 0, [], ['https:'], 
eobi.gov.pk, 75, 1, 3, ['.pdf'; '.php'; '.html'], ['https:'; 'http:'], 
ep.gov.pk, 36, 0, 0, [], ['https:'], 
epi.gov.pk, 78, 0, 0, [], ['https:'; 'http:'], 
epi.punjab.gov.pk, Access Denied, , , , , 
eproc.punjab.gov.pk, 15, 0, 1, ['.aspx'], ['https:'], 
epronic.com.pk, 19, 0, 2, ['.aspx'; '.html'], ['https:'; 'http:'], 
epw.gov.pk, 4, 0, 0, [], [], 
erektors.pk, Access Denied, , , , , 
erp.fde.gov.pk, 2, 0, 1, ['.php'], [], 
eshaisha.com.pk, 57, 0, 0, [], ['https:'; 'http:'], 
eshlaw.pk, 39, 0, 0, [], ['https:'], 
esmartshop.pk, 91, 0, 1, ['.php'], ['https:'; 'http:'], 
establishment.gov.pk, 120, 0, 1, ['.pdf'], ['https:'; 'http:'], 
estate-office.gov.pk, 144, 1, 2, ['.pdf'; '.php'], ['http:'], 
etcetera.pk, 55, 0, 0, [], ['https:'; 'http:'], 
eventastic.pk, 11, 1, 0, [], ['http:'], 
eventpoint.pk, 0, 0, 0, [], [], 
events.iobm.edu.pk, Access Denied, , , , , 
eventventure.pk, 21, 1, 0, [], ['https:'; 'http:'], 
everestmarketing.pk, 0, 0, 0, [], [], 
everlucktravels.com.pk, 19, 0, 2, ['.aspx'; '.html'], ['http:'], 
evision.pk, 529, 0, 0, [], ['https:'], 
ewims.edu.pk, 3, 0, 0, [], ['https:'], 
examination.iobm.edu.pk, 113, 1, 0, [], ['https:'; 'http:'], 
exasoft.pk, URL Down, , , , , 
excelparts.com.pk, 48, 1, 0, [], ['https:'; 'http:'], 
excelsior.com.pk, 55, 0, 1, ['.html'], ['https:'], 
ezeee.pk, 35, 1, 0, [], ['http:'], 
fab.gov.pk, Access Denied, , , , , 
facingnorth.com.pk, 39, 0, 2, ['.pdf'; '.php'], ['http:'], 
factsartschool.com.pk, 37, 0, 1, ['.html'], ['https:'; 'http:'], 
fairyland.com.pk, 35, 2, 2, ['.php'; '.html'], ['http:'; 'https:'; 'tel:'], 
faisalabad.dc.lhc.gov.pk, 42, 0, 1, ['.aspx'], ['https:'; 'http:'], 
faisalabadartscouncil.gov.pk, Access Denied, , , , , 
faisalabadpolice.gov.pk, 38, 0, 0, [], ['https:'; 'http:'], 
falandart.pk, 0, 0, 0, [], [], 
fastshopping.pk, 26, 0, 0, [], ['https:'], 
fasttrackmarketing.com.pk, URL Down, , , , , 
fata.gov.pk, Access Denied, , , , , 
fatimahospital.com.pk, URL Down, , , , , 
fazaltrading.com.pk, 0, 0, 0, [], [], 
fc.gov.pk, 87, 1, 0, [], ['https:'; 'http:'], 
fd.sindh.gov.pk, Access Denied, , , , , 
fde.gov.pk, 94, 0, 0, [], ['https:'; 'http:'], 
ffc.gov.pk, 209, 0, 4, ['.doc'; '.pdf'; '.docx'; '.html'], ['https:'; 'http:'; 'mailto: https:'], 
ffd.pmd.gov.pk, 44, 0, 2, ['.php'; '.html'], ['https:'; 'http:'], 
fib.com.pk, 60, 0, 1, ['.aspx'], ['http:'], 
fida.org.pk, 1, 0, 1, ['.php'], ['https:'], 
figarosalon.pk, 27, 1, 0, [], ['https:'; 'http:'], 
filtrationsolutions.com.pk, 118, 1, 0, [], ['https:'; 'http:'], 
finance.ajk.gov.pk, 137, 0, 0, [], ['https:'; 'http:'], 
findhome.pk, 78, 0, 1, ['.php'], ['https:', "http:", "https:"], 
findmydoctor.pk, 6, 0, 1, ['.doc'], ['https:'], 
finlay.com.pk, 35, 2, 1, ['.html'], ['https:'], 
fio.gov.pk, 39, 0, 2, ['.pdf'; '.php'], ['https:'; 'http:'], 
fitapparel.com.pk, 41, 0, 1, ['.php'], ['https:'], 
fitdeal.pk, 4, 0, 0, [], [], 
fja.gov.pk, 55, 0, 4, ['.aspx'; '.pdf'; '.php'; '.html'], ['https:'; 'http:'], 
flexair.pk, 5, 0, 0, [], [], 
floralsensation.pk, 69, 0, 0, [], ['https:'; 'http:'], 
fmh.com.pk, 5, 0, 0, [], [], 
food.ajk.gov.pk, 52, 0, 0, [], ['https:'; 'http:'], 
foodcare.pk, 5, 0, 0, [], [], 
foodfactory.pk, 1, 1, 0, [], [], 
foodlinks.pk, 49, 0, 0, [], ['https:'; 'http:'], 
foodogenic.pk, 4, 0, 0, [], [], 
foodstamp.punjab.gov.pk, Access Denied, , , , , 
forest.ajk.gov.pk, 17, 0, 0, [], ['https:'], 
fortischemicals.pk, URL Down, , , , , 
forum.npo.gov.pk, 16, 0, 0, [], ['http:'], 
fpec.com.pk, 0, 0, 0, [], [], 
fpsc.gov.pk, Access Denied, , , , , 
freshdirect.pk, Access Denied, , , , , 
freshpick.pk, 21, 0, 2, ['.pdf'; '.html'], ['https:'], 
fsaijazuddin.pk, 19, 1, 1, ['.php'], ['http:'], 
fscpak.com.pk, 0, 0, 0, [], [], 
fui.edu.pk, 410, 1, 2, ['.pdf'; '.php'], ['https:'; 'http:'], 
futurecables.com.pk, URL Down, , , , , 
futurepharma.com.pk, 0, 0, 0, [], [], 
fwf.punjab.gov.pk, 67, 0, 1, ['.pdf'], ['https:'; 'http:'], 
gabol.pk, 5, 0, 0, [], [], 
gba.gov.pk, 152, 0, 0, [], ['https:'; 'http:'], 
gcck.edu.pk, 36, 0, 0, [], ['https:'; 'http:'], 
gci.opf.edu.pk, Access Denied, , , , , 
gctkohat.edu.pk, 50, 2, 2, ['.aspx'; '.pdf'], ['https:'; 'http:'], 
gctpb.gov.pk, 33, 2, 0, [], ['https:'; 'http:'], 
gcuf.edu.pk, 240, 0, 4, ['.aspx'; '.pdf'; '.php'; '.html'], ['https:'; 'http:'], 
gemis.fde.gov.pk, 26, 0, 2, ['.aspx'; '.html'], ['http:'], 
geogle.pk, 154, 0, 1, ['.php'], ['https:'; 'http:'], 
getinfo.pk, URL Down, , , , , 
getvalue.pk, 59, 0, 0, [], ['https:'; 'http:'], 
gharbanao.com.pk, 352, 0, 1, ['.php'], ['https:'; 'http:'], 
gieda.gov.pk, 1, 0, 0, [], ['https:'], 
gixx.com.pk, 12, 0, 1, ['.aspx'], [], 
gkg.com.pk, 0, 0, 0, [], [], 
globallogistics.com.pk, 0, 0, 0, [], [], 
gloriajeanscoffees.com.pk, 39, 1, 0, [], ['https:'; '/https:'; 'http:'], 
glowlights.com.pk, 55, 0, 1, ['.html'], ['https:'], 
goabroad.org.pk, 40, 1, 1, ['.pdf'], ['https:'; 'http:'], 
goair.pk, 167, 0, 3, ['.aspx'; '.pdf'; '.html'], ['https:'], 
goprice.pk, 57, 0, 0, [], ['https:'], 
governor.sindh.gov.pk, Access Denied, , , , , 
governorsindh.gov.pk, Access Denied, , , , , 
greensports.com.pk, 77, 0, 0, [], ['https:'], 
greenworldtravel.com.pk, 8, 0, 1, ['.zip'], [], 
grievancecell.fde.gov.pk, URL Down, , , , , 
gsp.gov.pk, 1, 0, 0, [], ['http:'], 
guardian.org.pk, 20, 0, 1, ['.js'], ['https:'; 'http:'], 
gujranwala.dc.lhc.gov.pk, 37, 0, 1, ['.aspx'], ['http:'], 
gujrat.dc.lhc.gov.pk, 51, 0, 1, ['.aspx'], ['http:'], 
gujrat.opf.edu.pk, Access Denied, , , , , 
gvnc.edu.pk, 52, 1, 1, ['.aspx'], ['https:'], 
gymkhana.pk, 0, 0, 0, [], [], 
haenterprises.net.pk, 67, 0, 0, [], ['http:'], 
hafizabad.dc.lhc.gov.pk, 191, 0, 1, ['.aspx'], ['http:'], 
hakimsons.com.pk, 17, 1, 0, [], ['https:'], 
halalfood.pk, 798, 0, 0, [], ['https:'; 'http:'], 
halwanifood.com.pk, 0, 0, 0, [], [], 
hamzanco.pk, 0, 0, 0, [], [], 
hangu.financekpp.gov.pk, Access Denied, , , , , 
hangu.opf.edu.pk, Access Denied, , , , , 
happykid.pk, URL Down, , , , , 
haripur.financekpp.gov.pk, Access Denied, , , , , 
haripurdc.peshawarhighcourt.gov.pk, 1, 1, 0, [], [], 
hbs.edu.pk, 138, 6, 1, ['.html'], ['https:'; 'http:'], 
hcmsolutions.com.pk, 1, 0, 0, [], [], 
headway.com.pk, URL Down, , , , , 
health.ajk.gov.pk, 92, 0, 0, [], ['https:'; 'http:'], 
health.sindh.gov.pk, Access Denied, , , , , 
healtheducation.pk, 19, 0, 0, [], ['https:'; 'http:'], 
healthkp.gov.pk, 113, 0, 1, ['.pdf'], ['https:'; 'http:'], 
heights.com.pk, 0, 0, 0, [], [], 
herakp.gov.pk, 50, 0, 2, ['.pdf'; '.php'], ['https:'; 'http:'], 
hesco.gov.pk, 155, 0, 3, ['.pdf'; '.aspx'; '.php'], ['https:'; 'http:'], 
hjp.hec.gov.pk, URL Down, , , , , 
hmc.org.pk, 29, 0, 1, ['.aspx'], ['http:'], 
hmlab.com.pk, 68, 0, 1, ['.aspx'], ['https:'; 'http:'], 
hnms.pk, 23, 0, 0, [], ['http:'], 
home.ajk.gov.pk, 77, 0, 0, [], ['https:'; 'http:'], 
hostel.uom.edu.pk, 1, 0, 0, [], ['http:'], 
hotelalkhaleej.com.pk, 37, 1, 0, [], ['http:'], 
hotelit.com.pk, 78, 2, 0, [], ['https:'; 'http:'], 
houseofconsultants.com.pk, 0, 0, 0, [], [], 
howashafi.pk, 0, 0, 0, [], [], 
hr.cbr.gov.pk, Access Denied, , , , , 
hrmis.irrigation.punjab.gov.pk, URL Down, , , , , 
hrmis.punjab.gov.pk, 1, 0, 0, [], ['http:'], 
hrmlimited.pk, 0, 0, 0, [], [], 
hrms.fbr.gov.pk, 1, 0, 1, ['.pdf'], [], 
hrpartner.pk, 1, 1, 0, [], [], 
hsbcprivatebanking.srdb.gop.pk, 4, 0, 0, [], [], 
humancarelab.com.pk, 13, 0, 1, ['.aspx'], ['http:'], 
humanrelief.org.pk, Access Denied, , , , , 
humantarian.pk, 19, 0, 1, ['.html'], [], 
hunzaherbal.pk, 1, 0, 0, [], ['https:'], 
hyquip.com.pk, 92, 1, 2, ['.php'; '.html'], ['http:'], 
i929.pk, 8, 0, 0, [], ['http:'], 
iac.net.pk, URL Down, , , , , 
iamgc.com.pk, URL Down, , , , , 
iapcms.com.pk, 0, 0, 0, [], [], 
ibm.uet.edu.pk, 61, 0, 1, ['.pdf'], ['https:'; 'http:'], 
ic.iobm.edu.pk, Access Denied, , , , , 
icare.com.pk, 182, 0, 1, ['.php'], ['https:'; 'http:'], 
icc.urbanunit.gov.pk, 19, 0, 2, ['.aspx'; '.html'], ['http:'], 
icipp.riphah.edu.pk, URL Down, , , , , 
icml.ajk.gov.pk, Access Denied, , , , , 
idea.com.pk, 20, 0, 1, ['.php'], ['http:'], 
ideals.pk, 0, 0, 0, [], [], 
ifap.pk, Access Denied, , , , , 
igs.org.pk, 45, 1, 0, [], ['http:'], 
iib.cecos.edu.pk, 67, 1, 0, [], ['http:'], 
iic.urdubook.pk, 0, 0, 0, [], [], 
iitp.org.pk, URL Down, , , , , 
ilmkhanpur.pk, 125, 21, 1, ['.php'], ['https:'; 'http:'], 
im21.com.pk, 77, 1, 1, ['.php'], ['https:'; 'http:'], 
imis.irrigation.punjab.gov.pk, 18, 0, 1, ['.aspx'], ['http:'; 'http:'], 
impactinternational.com.pk, 19, 0, 2, ['.aspx'; '.html'], ['https:'; 'http:'], 
indusfood.com.pk, 4, 0, 0, [], [], 
information.ajk.gov.pk, Access Denied, , , , , 
information.sindh.gov.pk, Access Denied, , , , , 
infox.com.pk, 20, 0, 1, ['.html'], ['https:'; 'http:'], 
insidejob.pk, 20, 0, 0, [], ['https:'], 
inspections.kpdata.gov.pk, URL Down, , , , , 
instantskills.pk, 0, 0, 0, [], [], 
intranet.npo.gov.pk, 1, 0, 0, [], [], 
inventory.maniactech.pk, 1, 1, 0, [], [], 
inventoryagri.punjab.gov.pk, Access Denied, , , , , 
inventorymis.punjab.gov.pk, Access Denied, , , , , 
inventorypolice.punjab.gov.pk, Access Denied, , , , , 
invpolice.punjab.gov.pk, Access Denied, , , , , 
iohcf.uet.edu.pk, 23, 0, 0, [], ['https:'], 
ipc.gov.pk, 144, 0, 4, ['.doc'; '.pdf'; '.php'; '.zip'], ['https:'; 'http:'], 
ipcc.com.pk, 1, 1, 0, [], [], 
ipcc.pk, 1, 1, 0, [], [], 
ipcih.gov.pk, 16, 0, 1, ['.html'], ['https:'], 
ipd.iobm.edu.pk, Access Denied, , , , , 
ipdf.gov.pk, 1, 1, 0, [], [], 
ipms.kpdata.gov.pk, 0, 0, 0, [], [], 
ircm.com.pk, 182, 0, 2, ['.php'; '.html'], ['https:'], 
irrigation.punjab.gov.pk, Access Denied, , , , , 
irrigation.sindh.gov.pk, Access Denied, , , , , 
isc.aiou.edu.pk, Access Denied, , , , , 
iserve.pk, 1466, 0, 0, [], ['https:'], 
ist.edu.pk, 188, 1, 2, ['.aspx'; '.html'], ['https:'; 'http:'], 
istd.sindh.gov.pk, Access Denied, , , , , 
istyle.pk, URL Down, , , , , 
iswmgujranwala.urbanunit.gov.pk, 0, 0, 0, [], [], 
it.iobm.edu.pk, Access Denied, , , , , 
itb.ajk.gov.pk, 107, 0, 0, [], ['https:'; 'http:'], 
itbrand.pk, Access Denied, , , , , 
itgar.pk, 21, 0, 1, ['.php'], ['https:'], 
ithawks.pk, 3, 0, 0, [], ['http:'], 
iwtcommittee.org.pk, 0, 0, 0, [], [], 
iyassociates.com.pk, 25, 0, 0, [], ['http:'], 
j.stmu.edu.pk, 51, 2, 1, ['.php'], ['https:'; 'http:'], 
jamc.ayubmed.edu.pk, 41, 0, 3, ['.pdf'; '.php'; '.html'], ['http:', "http:"], 
jamiaislamabad.edu.pk, 55, 1, 3, ['.aspx'; '.pdf'; '.html'], ['https:'; 'http:'], 
janan.pk, 0, 0, 0, [], [], 
javedenterprises.com.pk, 91, 1, 1, ['.php'], ['http:'], 
jb.uoch.edu.pk, 88, 0, 2, ['.pdf'; '.php'], ['https:'; 'http:'], 
jbas.juw.edu.pk, 39, 0, 1, ['.php'], ['http:'], 
jcs.iobm.edu.pk, Access Denied, , , , , 
jcs.uoch.edu.pk, 36, 0, 1, ['.php'], ['http:'; 'http:'], 
jecor.uoch.edu.pk, 36, 0, 1, ['.php'], ['https:'; 'http:'], 
jeeto.pk, URL Down, , , , , 
jhang.dc.lhc.gov.pk, 42, 0, 1, ['.aspx'], ['http:'], 
jhelum.dc.lhc.gov.pk, 84, 0, 1, ['.aspx'], ['http:'], 
jimdc.org.pk, 79, 0, 2, ['.pdf'; '.php'], ['https:'; 'https:'], 
jips.edu.pk, 63, 0, 1, ['.pdf'], ['http:'], 
jisrmsse.szabist.edu.pk, 30, 0, 2, ['.aspx'; '.php'], ['http:'], 
jlc.sol.edu.pk, 4, 0, 0, [], [], 
jll.uoch.edu.pk, 64, 0, 1, ['.php'], ['https:'; 'http:'], 
jms.ilmauniversity.edu.pk, 27, 0, 1, ['.php'], ['http:', "http:"], 
jobbox.com.pk, 119, 1, 0, [], ['https:'], 
jobs.oec.gov.pk, 51, 1, 1, ['.pdf'], ['https:'], 
jobs.urbanunit.gov.pk, 18, 0, 3, ['.py'; '.aspx'; '.php'], ['http:'], 
jom.fja.gov.pk, 0, 0, 0, [], [], 
journal.buitms.edu.pk, 70, 0, 2, ['.aspx'; '.php'], ['https:'; 'http:'], 
journal.kiu.edu.pk, 27, 0, 1, ['.php'], ['https:'; 'http:'], 
journal.psc.edu.pk, 57, 0, 1, ['.php'], ['http:'; 'http:'], 
journal.suit.edu.pk, 26, 0, 1, ['.php'], ['http:', "http:"], 
journal.uet.edu.pk, 33, 0, 3, ['.pdf'; '.aspx'; '.php'], ['https:'; 'http:'], 
journals.iub.edu.pk, 22, 0, 1, ['.php'], ['https:'], 
journals.kmu.edu.pk, 0, 0, 0, [], [], 
journals.nust.edu.pk, 15, 0, 1, ['.php'], ['https:', "https:", 'http:'], 
journals.salu.edu.pk, 79, 1, 1, ['.php'], ['http:'; 'http:'], 
journals.umt.edu.pk, 44, 0, 1, ['.php'], ['hhttps:'; 'https:'; 'https:'; 'http:'], 
jpps.juw.edu.pk, 50, 0, 1, ['.php'], ['http:'], 
jrmi.pk, 15, 0, 0, [], ['http:', "http:"], 
jrre.ue.edu.pk, 49, 0, 2, ['.pdf'; '.php'], ['https:'; 'http:'], 
jrs.uoch.edu.pk, 112, 0, 1, ['.php'], ['https:'; 'http:'], 
jtvnews.pk, URL Down, , , , , 
juconstruction.pk, 50, 0, 1, ['.html'], ['https:'; 'http:'], 
jumdc.tuf.edu.pk, URL Down, , , , , 
jummabazaar.pk, 394, 1, 1, ['.php'], ['https:'; 'http:'], 
kafeel.pk, 5, 0, 0, [], [], 
kallarsyedan.opf.edu.pk, 0, 0, 0, [], [], 
kamalvillage.pk, 97, 0, 0, [], ['https:'; 'http:'], 
kana.gov.pk, 80, 0, 1, ['.pdf'], [' https:'; 'https:'; 'http:'], 
kaptan.pk, Access Denied, , , , , 
karachi.opf.edu.pk, 0, 0, 0, [], [], 
karachibazar.pk, Access Denied, , , , , 
karachipremierleague.pk, Access Denied, , , , , 
karak.financekpp.gov.pk, URL Down, , , , , 
kareemaeahlebait.com.pk, URL Down, , , , , 
karni.pk, 2, 0, 0, [], ['https:'], 
karwaneislami.com.pk, 45, 4, 0, [], ['https:'], 
kashish.com.pk, 50, 0, 1, ['.php'], ['https:'], 
kashmirhoney.com.pk, URL Down, , , , , 
kasur.dc.lhc.gov.pk, 43, 0, 1, ['.aspx'], ['http:'], 
katchiabadi.punjab.gov.pk, Access Denied, , , , , 
kcd.edu.pk, 249, 0, 1, ['.php'], ['http:'], 
kchs.edu.pk, 119, 0, 0, [], ['https:'; 'http:'], 
kedacom.com.pk, 107, 0, 0, [], ['https:'; 'http:'], 
kennol.pk, 4, 0, 0, [], [], 
kgnthbannu.gov.pk, 4, 0, 0, [], ['http:'], 
khaleejnews.pk, 24, 0, 1, ['.aspx'], [], 
khanewal.dc.lhc.gov.pk, 38, 0, 1, ['.aspx'], ['http:'], 
khanji.pk, Access Denied, , , , , 
khelokricket.com.pk, 128, 0, 2, ['.php'; '.html'], ['https:'; 'http:'], 
khushab.dc.lhc.gov.pk, 45, 0, 1, ['.aspx'], ['http:'], 
khyberpakhtunkhwa.gov.pk, 1308, 0, 5, ['.aspx'; '.php'; '.pdf'; '.doc'; '.docx'], ['https:'; 'http:'], 
kidszone.com.pk, 0, 0, 0, [], [], 
kinzzatariq.pk, 126, 0, 1, ['.php'], ['https:'; 'http:'], 
kitabmela.pk, 477, 0, 1, ['.php'], ['https:'], 
knowledgekings.pk, 151, 0, 0, [], ['https:'], 
kohat.financekpp.gov.pk, Access Denied, , , , , 
kohistan.financekpp.gov.pk, URL Down, , , , , 
kotli.opf.edu.pk, 0, 0, 0, [], [], 
kp.gov.pk, 1308, 0, 5, ['.aspx'; '.php'; '.pdf'; '.doc'; '.docx'], ['https:'; 'http:'], 
kpbos.gov.pk, 34, 0, 2, ['.rar'; '.pdf'], ['https:'; 'http:'], 
kpcpwc.gov.pk, 47, 0, 2, ['.pdf'; '.php'], ['https:'; 'http:'], 
kpdal.gov.pk, 46, 0, 1, ['.php'], ['https:'; 'http:'], 
kpese.gov.pk, 81, 0, 1, ['.php'], [' https:'; 'https:'; 'http:'], 
kpitb.gov.pk, 145, 3, 1, ['.pdf'], ['https:'; 'http:'], 
kpminerals.gov.pk, 106, 0, 1, ['.pdf'], ['http:'], 
kpst.kp.gov.pk, 1197, 2, 1, ['.html'], ['https:'; 'http:'], 
kpt.gov.pk, 137, 0, 1, ['.aspx'], ['https:'; 'http:'], 
kptbb.gov.pk, 41, 0, 2, ['.aspx'; '.php'], ['http:'], 
kptevta.gov.pk, 119, 0, 0, [], ['https:'; 'http:'], 
kutab.com.pk, 16, 0, 0, [], ['http:'], 
kza.com.pk, 1, 1, 0, [], [], 
lahore.dc.lhc.gov.pk, 46, 0, 1, ['.aspx'], ['https:'; 'http:'], 
lahorepolice.gov.pk, URL Down, , , , , 
lahorirentacar.com.pk, 95, 0, 1, ['.aspx'], ['https:'; 'http:'], 
lakkimarwat.financekpp.gov.pk, URL Down, , , , , 
laps.edu.pk, 205, 2, 1, ['.aspx'], ['https:'; 'http:'], 
larkana.opf.edu.pk, 0, 0, 0, [], [], 
law.ajk.gov.pk, 18, 0, 0, [], ['https:'; 'http:'], 
lawrencecollege.edu.pk, 176, 0, 0, [], ['https:'], 
layyah.dc.lhc.gov.pk, 37, 0, 1, ['.aspx'], ['http:'], 
lcdc.gov.pk, 58, 0, 0, [], ['https:'; 'http:'], 
lcss.pk, 64, 0, 0, [], ['http:'], 
learningeducation.pk, 17, 0, 0, [], ['https:'], 
leatherx.com.pk, 12, 0, 1, ['.html'], [], 
lejastore.pk, 0, 0, 0, [], [], 
leslab.com.pk, 19, 0, 1, ['.aspx'], [], 
lgd.sindh.gov.pk, Access Denied, , , , , 
lgkp.gov.pk, 126, 0, 2, ['.pdf'; '.php'], ['https:'; 'http:'], 
lhc.gov.pk, 93, 0, 0, [], ['https:'; 'http:'], 
library.gcuf.edu.pk, 53, 0, 2, ['.php'; '.html'], ['https:'; 'http:'], 
library.iobm.edu.pk, 109, 2, 1, ['.aspx'], ['https:'; 'http:'], 
lifeflip.pk, 112, 0, 0, [], ['https:'], 
lifetech.com.pk, 10, 0, 2, ['.aspx'; '.html'], ['http:'], 
listing.com.pk, 215, 0, 1, ['.html'], ['https:'; 'http:'], 
litigation.punjab.gov.pk, Access Denied, , , , , 
livestock.ajk.gov.pk, 43, 1, 0, [], ['https:'; 'http:'], 
livestock.sindh.gov.pk, Access Denied, , , , , 
ljcp.gov.pk, 2, 0, 1, ['.html'], ['http:'], 
lll.com.pk, 15, 0, 1, ['.aspx'], ['http:'], 
localgov.ajk.gov.pk, 32, 0, 3, ['.aspx'; '.pdf'; '.html'], ['https:'; 'http:'], 
lodhran.dc.lhc.gov.pk, 61, 0, 1, ['.aspx'], ['http:'], 
logicnest.com.pk, Access Denied, , , , , 
lowerdir.financekpp.gov.pk, URL Down, , , , , 
lpms.punjab.gov.pk, Access Denied, , , , , 
lpsnetwork.pk, 426, 0, 2, ['.php'; '.html'], ['https:'; 'http:'], 
lrh.gov.pk, 173, 1, 3, ['.pdf'; '.php'; '.html'], ['https:'], 
lsps.edu.pk, 66, 0, 1, ['.php'], ['http:'], 
lucido.com.pk, URL Down, , , , , 
luxur.pk, Access Denied, , , , , 
lyallpurmuseum.gov.pk, 101, 0, 0, [], ['https:'; 'http:'], 
lzbeautyparlour.pk, 168, 0, 3, ['.aspx'; '.pdf'; '.html'], ['https:'; 'http:'], 
maahir.com.pk, 756, 0, 0, [], ['https:'; 'whatsapp:'; 'http:'], 
mabprinters.pk, 84, 0, 1, ['.php'], ['https:'; 'http:'], 
maces.iobm.edu.pk, Access Denied, , , , , 
macgroup.com.pk, 4, 0, 0, [], [], 
mafco.com.pk, 19, 0, 1, ['.php'], ['http:'], 
maharat.com.pk, 13, 0, 1, ['.html'], ['https:'], 
majawed.com.pk, 55, 0, 0, [], ['http:'], 
makinggovernmentwork.punjab.gov.pk, Access Denied, , , , , 
malakand.financekpp.gov.pk, Access Denied, , , , , 
mallworld.com.pk, 36, 0, 0, [], ['https:'], 
malp.com.pk, 5, 0, 0, [], [], 
managementconsultants.pk, 70, 1, 1, ['.php'], ['http:'], 
mangohome.com.pk, 50, 0, 0, [], ['https:'; 'http:'], 
mansehra.financekpp.gov.pk, Access Denied, , , , , 
mansehra.opf.edu.pk, 0, 0, 0, [], [], 
manshadoors.com.pk, 67, 0, 0, [], ['https:'], 
manzooreharam.com.pk, 1, 0, 0, [], [], 
mardan.financekpp.gov.pk, URL Down, , , , , 
marhaba.com.pk, Access Denied, , , , , 
marketbulletin.com.pk, 253, 1, 1, ['.php'], ['https:'; 'http:'], 
marketingarena.com.pk, URL Down, , , , , 
marshaljeans.com.pk, 0, 0, 0, [], [], 
marvelacademy.com.pk, 17, 0, 0, [], ['https:'; 'http:'], 
maseck.com.pk, 19, 0, 2, ['.aspx'; '.html'], ['http:'], 
mashal.org.pk, 23, 0, 0, [], ['https:'], 
masrhrafsurg.com.pk, 22, 2, 0, [], ['https:'], 
mavafoods.com.pk, 4, 0, 0, [], [], 
mayaar.pk, 0, 0, 0, [], [], 
mayihelpyou.pk, Access Denied, , , , , 
mbdin.dc.lhc.gov.pk, 57, 0, 1, ['.aspx'], ['http:'], 
mcartz.pk, 50, 0, 0, [], ['https:'; 'http:'], 
mci.gov.pk, 39, 0, 1, ['.php'], ['http:'], 
mcos.pk, 0, 0, 0, [], [], 
mcs10.iobm.edu.pk, Access Denied, , , , , 
mecsindh.gov.pk, 38, 1, 3, ['.pdf'; '.php'; '.html'], ['http:'], 
medcon.com.pk, 0, 0, 0, [], [], 
mediagang.pk, 0, 0, 0, [], [], 
medics.com.pk, 8, 0, 0, [], ['https:'; 'http:'], 
medicure.com.pk, URL Down, , , , , 
mef.com.pk, 27, 0, 1, ['.php'], ['https:'; 'http:'], 
mehar.pk, 5, 0, 0, [], [], 
mes.gov.pk, Access Denied, , , , , 
mestore.pk, 92, 0, 0, [], ['https:'], 
mfl.com.pk, URL Down, , , , , 
mfs.edu.pk, 0, 0, 0, [], [], 
mgw.punjab.gov.pk, Access Denied, , , , , 
mhbgoods.com.pk, 51, 1, 0, [], ['https:'; 'http:'], 
mianwali.dc.lhc.gov.pk, 1642, 0, 1, ['.aspx'], ['http:'], 
microtrack.com.pk, 26, 0, 0, [], ['https:'], 
millatgroup.pk, 13, 0, 0, [], ['https:'; 'http:'], 
miltech.com.pk, 0, 0, 0, [], [], 
mindcare.pk, 108, 2, 0, [], ['https:'], 
minhajlab.com.pk, 27, 0, 1, ['.aspx'], ['http:'], 
mining.uet.edu.pk, 54, 0, 1, ['.html'], ['https:'; 'http:'], 
minitech.pk, 139, 2, 2, ['.php'; '.html'], ['https:'], 
minorityaffairs.sindh.gov.pk, Access Denied, , , , , 
mip.pta.gov.pk, Access Denied, , , , , 
mirani.pk, 5, 0, 0, [], [], 
mirchifoods.com.pk, 17, 0, 0, [], ['http:'], 
mirpur.opf.edu.pk, 0, 0, 0, [], [], 
mis.stevta.gos.pk, 0, 0, 0, [], [], 
misber.edu.pk, Access Denied, , , , , 
mistermaster.pk, 28, 0, 1, ['.php'], ['https:'; 'http:'], 
mjtraders.com.pk, URL Down, , , , , 
mma.jaf.com.pk, 211, 0, 0, [], ['https:'], 
mmkswelfaretrust.com.pk, 114, 0, 0, [], ['https:'; 'http:'], 
mms.punjab.gov.pk, Access Denied, , , , , 
mne.stevta.gos.pk, 2, 0, 1, ['.php'], [], 
moazsteel.com.pk, 31, 0, 1, ['.pdf'], [], 
mobee.pk, 5, 0, 1, ['.zip'], [], 
mobilebank.pk, 0, 0, 0, [], [], 
mobilestores.pk, 73, 0, 1, ['.html'], ['https:'; 'http:'], 
mocc.gov.pk, 65, 0, 2, ['.aspx'; '.php'], ['https:'; 'http:'], 
mod.gov.pk, 92, 0, 2, ['.aspx'; '.pdf'], [' https:'; 'https:'; 'http:'], 
modellab.com.pk, 20, 0, 2, ['.aspx'; '.html'], ['http:'], 
modelmag.com.pk, 49, 0, 1, ['.pdf'], ['https:'], 
modp.gov.pk, 124, 0, 3, ['.doc'; '.pdf'; '.php'], ['https:'; 'http:'], 
modulart.com.pk, 50, 0, 1, ['.aspx'], ['https:'; 'http:'], 
mohr.gov.pk, 150, 0, 4, ['.aspx'; '.doc'; '.pdf'; '.docx'], ['https:'; 'http:'], 
mohtasib.gov.pk, 164, 0, 3, ['.pdf'; '.aspx'; '.php'], ['https:'; 'http:'], 
mohtasib.sindh.gov.pk, Access Denied, , , , , 
mohtasibsindh.gov.pk, 16, 0, 1, ['.php'], ['http:'], 
mohw.gov.pk, 47, 0, 2, ['.aspx'; '.php'], ['https:'; 'http:'], 
moip.gov.pk, 91, 0, 3, ['.pdf'; '.aspx'; '.php'], ['https:'; 'http:'; ' http:'], 
moit.gov.pk, 194, 0, 2, ['.aspx'; '.pdf'], ['https:'; 'http:'], 
moitt.gov.pk, 194, 0, 2, ['.aspx'; '.pdf'], ['https:'; 'http:'], 
molaw.gov.pk, 42, 0, 2, ['.aspx'; '.php'], ['https:'; 'http:'], 
mopa.gov.pk, 56, 0, 2, ['.pdf'; '.php'], ['https:'; 'http:'], 
mops.gov.pk, 105, 0, 3, ['.aspx'; '.pdf'; '.html'], ['https:'; 'http:'], 
mora.gov.pk, 64, 0, 2, ['.aspx'; '.php'], ['http:'], 
most.gov.pk, 0, 0, 0, [], [], 
moveinn.pk, 38, 0, 1, ['.php'], ['https:'; 'http:'], 
mowp.gov.pk, 61, 0, 2, ['.aspx'; '.pdf'], ['http:'], 
mpnr.gov.pk, 101, 0, 2, ['.aspx'; '.pdf'], ['https:'; 'http:'], 
msdp.urbanunit.gov.pk, Access Denied, , , , , 
mspkp.gov.pk, 24, 0, 1, ['.php'], ['https:'], 
mst.com.pk, 28, 4, 0, [], ['https:'; 'http:'], 
msw.establishment.gov.pk, 30, 0, 2, ['.aspx'; '.php'], ['http:'], 
mtmis.islamabad.gov.pk, 113, 0, 3, ['.aspx'; '.pdf'; '.html'], ['http:'], 
mtr.uet.edu.pk, 2, 0, 0, [], [], 
multan.dc.lhc.gov.pk, 45, 0, 1, ['.aspx'], ['http:'], 
multan.gov.pk, 0, 0, 0, [], [], 
multan.opf.edu.pk, 0, 0, 0, [], [], 
muslimmotors.com.pk, 2, 0, 0, [], ['https:'], 
muzaffarabad.opf.edu.pk, 0, 0, 0, [], [], 
muzaffargarh.dc.lhc.gov.pk, 36, 0, 1, ['.aspx'], ['http:'], 
mydentist.com.pk, URL Down, , , , , 
mykrotech.com.pk, 93, 0, 0, [], [], 
mypgi.edu.pk, 109, 0, 3, ['.pdf'; '.php'; '.html'], ['https:'; 'http:'], 
namc.pmd.gov.pk, 96, 1, 3, ['.pdf'; '.php'; '.html'], ['https:'; 'http:'], 
nankana.dc.lhc.gov.pk, 36, 0, 1, ['.aspx'], ['http:'], 
nanopos.pk, 5, 0, 0, [], [], 
nanosystems.com.pk, 20, 0, 1, ['.html'], ['https:'], 
naqqash.pk, 81, 0, 1, ['.php'], ['https:'; 'http:'], 
narcon.gov.pk, 103, 0, 2, ['.php'; '.html'], ['https:'; 'http:'; './https:'], 
narowal.dc.lhc.gov.pk, 36, 0, 1, ['.aspx'], ['http:'], 
nascol.com.pk, 43, 1, 1, ['.php'], [], 
nasimcarpets.pk, URL Down, , , , , 
natco.gov.pk, 50, 0, 0, [], ['https:'], 
nationalestate.com.pk, 0, 0, 0, [], [], 
nccwd.gov.pk, 0, 0, 0, [], [], 
ncgls.hec.gov.pk, 0, 0, 0, [], [], 
ncsa.com.pk, 72, 0, 0, [], ['https:'; 'http:'], 
ndma.gov.pk, 0, 0, 0, [], [], 
needleart.com.pk, 26, 0, 1, ['.html'], ['http:'], 
nefco.pk, 25, 0, 1, ['.php'], ['https:'; 'http:'], 
netcommnetworks.com.pk, 32, 2, 1, ['.php'], ['https:'], 
new.fde.gov.pk, 63, 0, 1, ['.php'], ['http:'], 
new.wum.edu.pk, URL Down, , , , , 
newcollection.com.pk, 750, 1, 0, [], ['https:'; 'http:'], 
newdev.iobm.edu.pk, 0, 0, 0, [], [], 
news.iobm.edu.pk, 125, 1, 0, [], ['https:'; 'http:'], 
news.uet.edu.pk, 21, 0, 1, ['.php'], ['https:'], 
newsimage.radio.gov.pk, 186, 0, 0, [], ['https:'; 'http:'], 
newvision.pk, 38, 0, 0, [], ['http:'], 
nextstep.pk, 59, 1, 1, ['.aspx'], ['https:'], 
nfservices.pk, Access Denied, , , , , 
ngc.aiou.edu.pk, Access Denied, , , , , 
ngl.com.pk, URL Down, , , , , 
nha.gov.pk, 199, 0, 2, ['.pdf'; '.html'], ['https:'; 'http:'], 
nhsrc.gov.pk, 89, 0, 3, ['.doc'; '.pdf'; '.docx'], ['https:'; 'http:'], 
nicetechno.com.pk, 40, 1, 2, ['.php'; '.html'], ['https:'; 'http:'], 
nim-khi.edu.pk, 152, 0, 2, ['.php'; '.html'], ['https:'; 'http:'], 
nip.edu.pk, 50, 0, 2, ['.pdf'; '.html'], ['http:'], 
njenterprises.pk, 2, 0, 0, [], ['http:'], 
njips.nust.edu.pk, 68, 1, 1, ['.php'], ['https:'; 'https:'; 'http:'], 
nkc.org.pk, 16, 0, 0, [], ['http:'], 
noble.com.pk, 27, 1, 0, [], ['http:'], 
nou.gov.pk, 104, 0, 0, [], ['http:'], 
nowshera.financekpp.gov.pk, Access Denied, , , , , 
npb.gov.pk, 101, 0, 1, ['.php'], ['https:'; 'http:'], 
npc.gov.pk, 84, 0, 2, ['.aspx'; '.php'], ['https:'; 'http:'], 
npo.gov.pk, 67, 0, 2, ['.pdf'; '.php'], ['https:'; 'http:'], 
npsnarowal.edu.pk, 30, 3, 0, [], ['https:'; 'http:'], 
nsconnect.com.pk, 6, 0, 1, ['.aspx'], [], 
ntp.gov.pk, 64, 0, 1, ['.pdf'], ['https:'; 'http:'], 
ntrc.gov.pk, 128, 2, 2, ['.pdf'; '.html'], ['https:'; 'http:'], 
nts.org.pk, 0, 0, 0, [], [], 
nwfc.pmd.gov.pk, 0, 0, 0, [], [], 
o.fbr.gov.pk, Access Denied, , , , , 
ocl.com.pk, 23, 0, 1, ['.pdf'], ['https:'], 
octasolutions.pk, 38, 2, 2, ['.php'; '.html'], ['https:'], 
odeals.pk, 0, 0, 0, [], [], 
oec.gov.pk, 53, 0, 1, ['.pdf'], ['https:'; 'http:'], 
officeempire.pk, 1, 0, 0, [], ['https:'], 
ogra.gov.pk, 143, 0, 0, [], ['https:'; 'http:'], 
ojs.asce-uok.edu.pk, 59, 0, 1, ['.php'], ['https:'], 
ojs.jar.punjab.gov.pk, URL Down, , , , , 
ojs.jass.pk, URL Down, , , , , 
ojs.umt.edu.pk, 23, 0, 1, ['.php'], ['https:'], 
ojs.zu.edu.pk, 10, 0, 1, ['.html'], ['https:'; 'http:'], 
okara.dc.lhc.gov.pk, 39, 0, 1, ['.aspx'], ['http:'], 
olduu.urbanunit.gov.pk, 18, 0, 2, ['.aspx'; '.html'], ['https:'; 'http:'], 
olss.pk, 73, 1, 1, ['.html'], ['https:'; 'http:'], 
olympiagroup.com.pk, 15, 0, 1, ['.html'], ['https:'; 'http:'], 
oms.npo.gov.pk, 0, 0, 0, [], [], 
ondemand.com.pk, 191, 0, 0, [], ['https:'; 'http:'], 
onedot.pk, 40, 0, 0, [], [' https:'; 'https:'; 'http:'], 
onelaundry.pk, 55, 0, 0, [], ['https:'; 'http:'], 
onetoall.pk, 179, 0, 1, ['.php'], ['https:'], 
onlinebookfair.pk, 0, 0, 0, [], [], 
onlinebusinesshub.com.pk, 0, 0, 0, [], [], 
onlinenewsroom.pk, 138, 0, 1, ['.php'], ['https:'; 'http:'], 
onlines.pk, 0, 0, 0, [], [], 
onyximpex.com.pk, 72, 0, 1, ['.php'], ['https:'; 'http:'], 
ophrd.gov.pk, 85, 0, 1, ['.pdf'], ['https:'; 'http:'], 
optimuserp.com.pk, 2, 0, 0, [], [], 
oric.uet.edu.pk, 42, 0, 0, [], ['https:'; 'http:'], 
orientation.iobm.edu.pk, Access Denied, , , , , 
ostore.com.pk, 19, 0, 0, [], ['https:'], 
ostore.pk, 0, 0, 0, [], [], 
oxygonpakistan.pk, 33, 0, 2, ['.php'; '.html'], ['https:'], 
pac.org.pk, 64, 0, 0, [], ['https:'; 'http:'], 
pafda.gop.pk, 44, 1, 1, ['.html'], [], 
paigam.pk, 32, 0, 1, ['.aspx'], [], 
paithomkp.gov.pk, 58, 0, 0, [], ['http:'], 
pakboi.gov.pk, 0, 0, 0, [], [], 
pakchannel.com.pk, 25, 2, 0, [], ['https:'; 'http:'], 
pakdentist.pk, URL Down, , , , , 
pakforcesgirlscadetcollege.com.pk, 28, 1, 0, [], ['https:'; 'http:'], 
pakgerman.com.pk, URL Down, , , , , 
pakistan.gov.pk, 130, 0, 4, ['.aspx'; '.php'; '.html'; '.js'], ['https:'; 'http:'; ' http:'], 
pakistancoastguards.gov.pk, 55, 0, 0, [], ['https:'], 
pakistanhalalauthority.org.pk, 0, 0, 0, [], [], 
pakit.pk, 280, 0, 1, ['.php'], ['https:'], 
pakolive.com.pk, 41, 1, 0, [], ['https:'; 'http:'], 
pakpattan.dc.lhc.gov.pk, 51, 0, 1, ['.aspx'], ['http:'], 
pakpattan.opf.edu.pk, 0, 0, 0, [], [], 
pakpost.gov.pk, 186, 0, 3, ['.pdf'; '.php'; '.html'], ['https:'; 'http:'], 
paktime.pk, 16, 0, 0, [], ['https:'; 'http:'], 
pal.gov.pk, 82, 0, 0, [], ['https:'; 'http:'], 
pap.gov.pk, 1163, 0, 3, ['.pdf'; '.php'; '.js'], ['https:'; 'http:'; 'mms:'], 
patialajewellers.pk, 6, 0, 0, [], ['https:'], 
pbsf.org.pk, 17, 0, 0, [], ['https:'], 
pc.gov.pk, 149, 0, 4, ['.aspx'; '.pdf'; '.php'; '.html'], ['https:'; 'http:'], 
pcgip.urbanunit.gov.pk, Access Denied, , , , , 
pcma.com.pk, 63, 0, 2, ['.php'; '.html'], ['https:'; 'http:'], 
pcsi.gov.pk, 33, 0, 1, ['.php'], ['http:'], 
pcsir-khi.gov.pk, 53, 0, 1, ['.html'], ['https:'; 'http:'], 
pctb.pk, 26, 0, 0, [], ['https:'; 'http:'], 
pda.gkp.pk, 70, 2, 2, ['.aspx'; '.php'], ['http:'], 
peef.org.pk, 55, 1, 2, ['.pdf'; '.html'], ['https:'; 'http:'], 
peira.gov.pk, 76, 0, 2, ['.pdf'; '.php'], ['https:'; 'http:'], 
pemra.gov.pk, 0, 0, 0, [], [], 
pepco.gov.pk, 0, 0, 0, [], [], 
pepperdine.edu.pk, 5, 0, 0, [], [], 
pesco.gov.pk, 146, 0, 2, ['.pdf'; '.php'], ['https:'; 'http:'], 
peshawar.financekpp.gov.pk, URL Down, , , , , 
peshawarhighcourt.gov.pk, 121, 0, 3, ['.pdf'; '.php'; '.html'], ['https:'; 'http:'], 
pesrp.edu.pk, 73, 1, 2, ['.php'; '.html'], ['https:'; 'http:'], 
pesterminator.com.pk, 91, 0, 0, [], ['https:'], 
pf.radio.gov.pk, 186, 0, 0, [], ['https:'; 'http:'], 
pfm.kpdata.gov.pk, URL Down, , , , , 
pgdm.urbanunit.gov.pk, Access Denied, , , , , 
pgshf.gop.pk, 45, 0, 3, ['.doc'; '.php'; '.docx'], ['http:'], 
pgss.edu.pk, 0, 0, 0, [], [], 
phenrd.sindh.gov.pk, Access Denied, , , , , 
pibt.com.pk, 0, 0, 0, [], [], 
pida.punjab.gov.pk, 0, 0, 0, [], [], 
pidajk.gok.pk, 5, 0, 0, [], ['https:'; 'http:'], 
pidm.pk, URL Down, , , , , 
pims.gov.pk, 42, 0, 3, ['.aspx'; '.pdf'; '.html'], ['https:'; 'http:'], 
pips.gov.pk, 72, 0, 0, [], ['https:'; 'http:'; ' http:'], 
pisd.org.pk, 29, 0, 1, ['.aspx'], ['http:'], 
pitac.gov.pk, 96, 1, 0, [], ['https:'; 'http:'], 
pitech.pk, 13, 0, 0, [], ['http:'], 
pjets.iobm.edu.pk, Access Denied, , , , , 
pjls.gcuf.edu.pk, 34, 0, 1, ['.php'], ['https:'; 'https:'], 
pjm.pmd.gov.pk, 13, 0, 2, ['.aspx'; '.html'], ['https:'], 
pjmbs.gcuf.edu.pk, 23, 0, 1, ['.pdf'], ['https:'], 
pjo.org.pk, 85, 0, 4, ['.doc'; '.pdf'; '.php'; '.docx'], ['https:'; 'http:'], 
pjp.pps.org.pk, 79, 0, 2, ['.pdf'; '.php'], ['https:'; 'http:'; 'http:'], 
plantprotection.gov.pk, 194, 0, 3, ['.pdf'; '.php'; '.html'], ['https:'; 'http:'], 
plus1.pk, 31, 1, 0, [], ['https:'; 'http:'], 
pmad.gov.pk, 46, 1, 2, ['.pdf'; '.php'], ['https:'; 'http:'], 
pmajk.gov.pk, 58, 0, 0, [], ['https:'], 
pmd.gov.pk, 0, 0, 0, [], [], 
pmi.gov.pk, 53, 0, 1, ['.pdf'], [' https:'; 'https:'; 'file:'], 
pmomdpinp.punjab.gov.pk, Access Denied, , , , , 
pmsports.com.pk, 92, 2, 1, ['.php'], ['http:'], 
pnd.sindh.gov.pk, Access Denied, , , , , 
pnd.uet.edu.pk, 0, 0, 0, [], [], 
podcast.iobm.edu.pk, Access Denied, , , , , 
pof.gov.pk, 51, 0, 3, ['.pdf'; '.php'; '.xls'], ['https:'; 'http:'], 
police.punjab.gov.pk, Access Denied, , , , , 
poultry.punjab.gov.pk, 48, 0, 1, ['.pdf'], ['https:'], 
pp.npo.gov.pk, 0, 0, 0, [], [], 
ppma.org.pk, 93, 2, 3, ['.doc'; '.pdf'; '.php'], ['https:'; 'http:'], 
ppmj.org.pk, 41, 0, 1, ['.php'], ['http:'; 'http:'], 
ppra.punjab.gov.pk, 42, 0, 2, ['.aspx'; '.pdf'], ['https:'; 'http:'], 
pprasindh.gov.pk, 4, 0, 1, ['.html'], ['https:'], 
prconsultants.com.pk, 7, 0, 1, ['.html'], [], 
premierleather.com.pk, URL Down, , , , , 
president.gov.pk, 132, 0, 5, ['.php'; '.pdf'; '.doc'; '.docx'; '.html'], ['http:'], 
presidentajk.gov.pk, 59, 0, 0, [], ['https:'; 'http:'], 
presidentofpakistan.gov.pk, 132, 0, 5, ['.php'; '.pdf'; '.doc'; '.docx'; '.html'], ['http:'], 
prestigekitchens.com.pk, 64, 0, 0, [], ['https:'; 'http:'], 
pri.gov.pk, 171, 1, 0, [], ['https:'; 'http:'], 
prime.org.pk, 1, 0, 0, [], ['https:'], 
printingtown.pk, 48, 0, 1, ['.php'], ['https:'], 
printsap.pk, 66, 0, 1, ['.html'], ['https:'], 
prisons.sindh.gov.pk, Access Denied, , , , , 
privacylingerie.com.pk, Access Denied, , , , , 
privatestudent.gcuf.edu.pk, 1, 0, 1, ['.php'], [], 
profile.hec.gov.pk, 2, 0, 1, ['.php'], [], 
propak.pk, URL Down, , , , , 
protontechnologies.pk, 120, 0, 1, ['.php'], ['https:'], 
psa.hec.gov.pk, 0, 0, 0, [], [], 
psic.gov.pk, 203, 0, 3, ['.pdf'; '.php'; '.html'], ['https:'; 'http:'], 
ptb.gov.pk, 111, 0, 3, ['.doc'; '.pdf'; '.docx'], ['https:'; 'http:'], 
ptpkp.gov.pk, 65, 0, 1, ['.pdf'], ['https:'; 'http:'], 
publications.hec.gov.pk, Access Denied, , , , , 
publications.muet.edu.pk, 82, 2, 1, ['.php'], ['https:'; 'http:'], 
publications.quest.edu.pk, 55, 0, 3, ['.aspx'; '.php'; '.html'], ['https:'; 'http:'], 
puf.urbanunit.gov.pk, Access Denied, , , , , 
pufprint.urbanunit.gov.pk, Access Denied, , , , , 
punjab-prmp.gov.pk, Access Denied, , , , , 
punjab-zameen.gov.pk, 119, 0, 1, ['.aspx'], ['https:'; 'http:'], 
punjabfisheries.gov.pk, 88, 2, 2, ['.pdf'; '.html'], ['https:'; 'http:'], 
punjabmodel.gov.pk, Access Denied, , , , , 
purazm.gov.pk, 70, 1, 1, ['.pdf'], ['https:'; 'http:'], 
pwd.sindh.gov.pk, Access Denied, , , , , 
pwdsindh.gov.pk, 38, 0, 2, ['.txt'; '.html'], ['https:'], 
qaimkhani.pk, 5, 0, 0, [], [], 
qaps.org.pk, URL Down, , , , , 
qatarhotel.com.pk, 23, 0, 1, ['.php'], ['https:'; 'http:'], 
qdpl.com.pk, 19, 0, 1, ['.pdf'], ['http:'], 
qec.ustb.edu.pk, 35, 0, 1, ['.php'], ['http:'], 
qtp.gob.pk, 0, 0, 0, [], [], 
quaid.gov.pk, 39, 1, 2, ['.php'; '.html'], ['https:'; 'http:'], 
quetta.opf.edu.pk, 0, 0, 0, [], [], 
radar.pmd.gov.pk, 0, 0, 0, [], [], 
raha.safron.gov.pk, Access Denied, , , , , 
rahimyarkhan.dc.lhc.gov.pk, 55, 0, 1, ['.aspx'], ['http:'], 
railways.gov.pk, 88, 0, 2, ['.aspx'; '.pdf'], ['https:'; 'http:'], 
rajanpur.dc.lhc.gov.pk, 39, 0, 1, ['.aspx'], ['http:'], 
ramzansahulat.punjab.gov.pk, Access Denied, , , , , 
rapidcourier.pk, 39, 1, 0, [], ['https:'; 'http:'], 
raregloves.com.pk, 110, 0, 2, ['.php'; '.html'], [], 
rawalpindi.dc.lhc.gov.pk, 37, 0, 1, ['.aspx'], ['http:'], 
rawalpindi.gov.pk, Access Denied, , , , , 
rawalpindi.opf.edu.pk, 0, 0, 0, [], [], 
rcell.punjab.gov.pk, Access Denied, , , , , 
rcet.uet.edu.pk, 88, 0, 1, ['.html'], ['https:'; 'http:'], 
rcls.com.pk, 0, 0, 0, [], [], 
rcs.edu.pk, 73, 1, 2, ['.aspx'; '.html'], [' https:'; 'https:'; 'http:'], 
realindsol.com.pk, 4, 0, 0, [], [], 
redap.com.pk, 43, 0, 0, [], ['https:'; 'http:'], 
redevents.com.pk, 1, 0, 0, [], ['http:'], 
reet.pk, 5, 1, 0, [], ['mailto:http:'; 'https:'; 'tel:http:'], 
regale.pk, 0, 0, 0, [], [], 
registration.gcuf.edu.pk, 1, 0, 0, [], [], 
registration.punjab.gov.pk, Access Denied, , , , , 
registrations.pk, 37, 0, 1, ['.pdf'], ['http:'], 
rehmanconstruction.pk, 1, 0, 0, [], [], 
relaxit.pk, 0, 0, 0, [], [], 
relevance.pk, URL Down, , , , , 
revo.pk, 2, 0, 0, [], ['https:'], 
rlbd.pk, 0, 0, 0, [], [], 
rmcpunjab.pmd.gov.pk, 134, 0, 7, ['.php'; '.xls'; '.pdf'; '.doc'; '.html'; '.docx'; '.xlsx'], ['https:'; 'http:'], 
rnd.pmd.gov.pk, 18, 0, 2, ['.aspx'; '.html'], ['http:'], 
rone.pk, 1, 0, 0, [], ['http:'], 
roplant-pakistan.pk, 121, 1, 0, [], ['https:'; 'http:'], 
rozen.pk, 213, 0, 1, ['.php'], ['https:'; 'http:'], 
rsu-sindh.gov.pk, 79, 1, 3, ['.pdf'; '.php'; '.html'], ['https:'; 'http:'], 
rtw.sindh.gov.pk, Access Denied, , , , , 
rubbernecks.com.pk, 0, 0, 0, [], [], 
rule.pk, 1, 1, 0, [], [], 
rvi.edu.pk, 22, 0, 1, ['.html'], ['http:'], 
sabziclub.pk, 0, 0, 0, [], [], 
safetaxi.pk, 27, 0, 0, [], ['https:'], 
safron.gov.pk, 68, 0, 2, ['.aspx'; '.pdf'], ['https:'; 'http:'], 
saga9.pk, 31, 0, 1, ['.aspx'], [], 
sageschool.pk, 0, 0, 0, [], [], 
sahaablinks.pk, 131, 0, 1, ['.php'], ['https:'; 'http:'], 
sahiwal.dc.lhc.gov.pk, 42, 0, 1, ['.aspx'], ['https:'; 'http:'], 
sahulatbazar.com.pk, 16, 0, 0, [], ['https:'], 
salamclinic.com.pk, 30, 0, 1, ['.aspx'], [], 
salebazar.pk, 1, 0, 1, ['.html'], ['https:'], 
samassociates.pk, 0, 0, 0, [], [], 
sandook.pk, 424, 0, 0, [], ['https:'], 
sanghar.opf.edu.pk, 0, 0, 0, [], [], 
sanitation-cda.gov.pk, 6, 0, 0, [], ['http:'], 
sapgroup.com.pk, 24, 0, 1, ['.php'], ['https:'; 'http:'], 
saqqaf.pk, 32, 0, 0, [], ['https:'; 'http:'], 
sargodha.dc.lhc.gov.pk, 39, 0, 1, ['.aspx'], ['http:'], 
sastihati.pk, 65, 0, 1, ['.aspx'], ['https:'; 'http:'], 
sastiroti.punjab.gov.pk, Access Denied, , , , , 
satellite.com.pk, 95, 2, 0, [], ['https:'; 'http:'], 
save.seecs.nust.edu.pk, 58, 0, 1, ['.php'], ['https:'; 'http:'], 
sbep.gos.pk, 101, 0, 0, [], ['https:'; 'http:'], 
sc.hec.gov.pk, Access Denied, , , , , 
scalenet.com.pk, 1, 0, 0, [], ['https:'], 
scam.pk, 46, 0, 2, ['.php'; '.html'], ['https:'; 'http:'], 
schoolportal.punjab.gov.pk, 0, 0, 0, [], [], 
schools.ajk.gov.pk, Access Denied, , , , , 
schools.kpese.gov.pk, 0, 0, 0, [], [], 
scms.pk, 1, 0, 0, [], ['https:'], 
sco.gov.pk, Access Denied, , , , , 
scr.com.pk, 1, 0, 0, [], ['https:'], 
scs.uvas.edu.pk, 3, 0, 1, ['.aspx'], [], 
scsw.sindh.gov.pk, Access Denied, , , , , 
seamart.pk, 0, 0, 0, [], [], 
search.hec.gov.pk, 0, 0, 0, [], [], 
secondinnings.pk, 0, 0, 0, [], [], 
seecs.nust.edu.pk, 0, 0, 0, [], [], 
seismic.pmd.gov.pk, 45, 0, 3, ['.pdf'; '.php'; '.html'], ['http:'], 
selfiebooth.com.pk, 97, 0, 0, [], ['https:'], 
senate.gov.pk, 129, 1, 2, ['.pdf'; '.php'], ['https:'; 'http:'], 
seocompanylahore.pk, Access Denied, , , , , 
seoexpertslahore.pk, Access Denied, , , , , 
seoserviceslahore.pk, Access Denied, , , , , 
server.childfriendly.pk, 0, 0, 0, [], [], 
sfa.gos.pk, 131, 0, 2, ['.pdf'; '.html'], ['https:'; 'http:'], 
sgacd.sindh.gov.pk, Access Denied, , , , , 
shadbad.cholistan.gov.pk, 65, 1, 4, ['.doc'; '.pdf'; '.php'; '.js'], ['https:'; 'http:'], 
shahenterprises.com.pk, URL Down, , , , , 
shahzadandsons.pk, 82, 0, 2, ['.html'; '.xls'], ['https:'; 'http:'], 
shakirtraders.pk, 176, 0, 0, [], ['https:'; 'http:'], 
shangla.financekpp.gov.pk, URL Down, , , , , 
sheikhupura.dc.lhc.gov.pk, 36, 0, 1, ['.aspx'], ['http:'], 
sheikhupura.opf.edu.pk, 0, 0, 0, [], [], 
shopforever.pk, 1, 0, 0, [], ['http:'], 
shoppersstop.pk, 139, 1, 0, [], ['https:'], 
shoppingicon.pk, 452, 1, 0, [], ['https:'; 'http:'], 
showworld.pk, 0, 0, 0, [], [], 
shs.com.pk, 34, 0, 5, ['.txt'; '.php'; '.html'; '.xml'; '.zip'], [], 
sialkot.dc.lhc.gov.pk, 37, 0, 1, ['.aspx'], ['http:'], 
sicogb.com.pk, 0, 0, 0, [], [], 
sidhutravel.pk, 71, 0, 1, ['.php'], ['https:'; 'http:'], 
signz.pk, 28, 0, 0, [], ['https:'; 'http:'], 
simplenikah.pk, 27, 0, 1, ['.php'], ['https:'], 
sindhenergy.gov.pk, 88, 0, 0, [], ['https:'; 'http:'], 
sindhforests.gov.pk, 198, 1, 2, ['.pdf'; '.html'], ['https:'; 'http:'], 
sindhhealth.gov.pk, 94, 1, 3, ['.php'; '.html'; '.zip'], ['https:'; 'http:'], 
sindhhec.sindh.gov.pk, Access Denied, , , , , 
sindhlaws.gov.pk, 146, 0, 3, ['.php'; '.aspx'; '.pdf'], ['https:'; 'http:'], 
sindhlhwprogram.com.pk, 90, 1, 0, [], ['https:'; 'http:'], 
sindhmuslimcollege.edu.pk, 0, 0, 0, [], [], 
sindhscouts.org.pk, 75, 0, 2, ['.aspx'; '.html'], ['https:'], 
siyal.pk, 8, 0, 1, ['.php'], [], 
skaa.sindh.gov.pk, Access Denied, , , , , 
skksmgarh.edu.pk, 72, 0, 2, ['.php'; '.html'], ['https:'], 
skynation.pk, 0, 0, 0, [], [], 
skyroutingtravels.com.pk, 38, 0, 1, ['.php'], ['https:'; 'http:'], 
skytravels.com.pk, 4, 0, 0, [], ['https:'; 'http:'], 
skyways.pk, 36, 0, 1, ['.html'], ['https:'; 'http:'], 
smartcrockery.pk, 329, 0, 0, [], ['https:'], 
smartislamabad.pk, 0, 0, 0, [], [], 
smartseo.pk, 43, 10, 0, [], ['https:'; 'http:'], 
smarttown.pk, 1, 0, 0, [], ['http:'], 
smis.punjab.gov.pk, Access Denied, , , , , 
smspoint.pk, 20, 1, 0, [], ['http:'], 
smspro.com.pk, 0, 0, 0, [], [], 
snga.ajk.gov.pk, Access Denied, , , , , 
socialwelfare.ajk.gov.pk, 55, 0, 0, [], [], 
softtech.com.pk, URL Down, , , , , 
softtran.pk, URL Down, , , , , 
solar.nectar.com.pk, URL Down, , , , , 
sonitex.com.pk, 79, 0, 0, [], ['https:'], 
sop.gov.pk, 124, 0, 2, ['.aspx'; '.pdf'], ['https:'; 'http:'], 
sos.org.pk, 171, 1, 1, ['.pdf'], ['https:'; 'http:'], 
sparco.com.pk, 44, 0, 0, [], [], 
spelts.com.pk, 88, 2, 2, ['.php'; '.html'], ['https:'; 'http:'], 
spis.punjab.gov.pk, 1, 0, 0, [], ['http:'], 
sportsclinic.com.pk, 20, 1, 1, ['.html'], ['http:'], 
spsc.gov.pk, 167, 0, 4, ['.doc'; '.pdf'; '.php'; '.html'], ['https:'; 'http:'], 
spt.com.pk, 53, 0, 0, [], ['http:'], 
srdb.gop.pk, 111, 0, 1, ['.php'], ['https:'; 'http:'], 
ssalliance.com.pk, 129, 4, 0, [], ['https:'; 'http:'], 
sseng.com.pk, 9, 0, 0, [], ['https:'], 
ssf.org.pk, 0, 0, 0, [], [], 
ssinternational.pk, 56, 0, 1, ['.php'], ['https:'; 'http:'], 
sslawfirm.pk, 103, 2, 0, [], ['https:'; 'http:'], 
sstpsr.edu.pk, 222, 0, 2, ['.php'; '.zip'], ['https:'; 'http:'], 
staff.iobm.edu.pk, 0, 0, 0, [], [], 
staging.sv.com.pk, 64, 1, 0, [], ['https:'; 'http:'], 
steammasters.com.pk, 31, 1, 0, [], ['https:'; 'http:'], 
stech.pk, 32, 0, 0, [], ['https:'; 'http:'], 
stemp.com.pk, 37, 0, 1, ['.pdf'], ['https:'], 
stevta.gos.pk, 88, 0, 2, ['.aspx'; '.pdf'], ['https:'; 'http:'], 
sti.gov.pk, 49, 0, 3, ['.pdf'; '.php'; '.html'], ['https:'; 'http:'], 
stitchstudio.pk, 1, 1, 0, [], [], 
stl.com.pk, 64, 0, 0, [], ['https:'; 'http:'], 
studentacademy.edu.pk, 28, 1, 1, ['.php'], ['https:'; 'http:'], 
studyhouse.pk, 45, 0, 0, [], ['https:'], 
studyinpakistan.com.pk, Access Denied, , , , , 
studymasters.pk, 4, 0, 0, [], ['https:'], 
studymaterial.pk, 50, 0, 1, ['.php'], ['https:'], 
sublimeworks.com.pk, 14, 0, 1, ['.php'], ['https:'; 'http:'], 
sujo-old.usindh.edu.pk, 86, 0, 1, ['.php'], ['http:', "http:"], 
sujo.usindh.edu.pk, 71, 0, 1, ['.php'], ['https:'; 'https:'; 'http:'], 
sujo2.usindh.edu.pk, URL Down, , , , , 
sundarni.pk, 5, 0, 0, [], [], 
sunkp.gov.pk, 37, 0, 0, [], ['https:'], 
supplyzone.com.pk, 0, 0, 0, [], [], 
support.fde.gov.pk, Access Denied, , , , , 
support.pprasindh.gov.pk, 0, 0, 0, [], [], 
surveyors.com.pk, 21, 0, 0, [], [], 
suzukicharsaddamotors.com.pk, 34, 0, 1, ['.html'], [], 
sv.urbanunit.gov.pk, 18, 0, 2, ['.aspx'; '.html'], ['https:'; 'http:'], 
swabi.financekpp.gov.pk, URL Down, , , , , 
swat.financekpp.gov.pk, Access Denied, , , , , 
swd.sindh.gov.pk, Access Denied, , , , , 
swkpk.gov.pk, 138, 0, 1, ['.pdf'], [' https:'; 'https:'; 'http:'], 
synergy-it.pk, Access Denied, , , , , 
szindustries.com.pk, URL Down, , , , , 
tadrees.pk, 0, 0, 0, [], [], 
tajmahal.pk, 1, 0, 0, [], [], 
tameerintl.com.pk, 40, 0, 1, ['.php'], ['https:'], 
tank.financekpp.gov.pk, URL Down, , , , , 
taxasaan.com.pk, 16, 0, 1, ['.html'], ['https:'], 
taxcalculator.com.pk, URL Down, , , , , 
tayyabbookpoint.com.pk, URL Down, , , , , 
tazakhana.pk, URL Down, , , , , 
tbb.com.pk, Access Denied, , , , , 
teacherprovider.pk, 15, 1, 0, [], ['https:'; 'http:'], 
teamx.pk, 59, 1, 0, [], ['https:'; 'http:'], 
teamxgroup.pk, 1, 0, 0, [], [], 
techfly.pk, 29, 0, 0, [], ['https:'], 
technoamtion.com.pk, 0, 0, 0, [], [], 
technomation.com.pk, 0, 0, 0, [], [], 
technoville.pk, 10, 0, 0, [], ['https:'], 
technowell.com.pk, 15, 1, 1, ['.php'], ['https:'; 'http:'], 
tecnosphere.com.pk, URL Down, , , , , 
tekworx.com.pk, 21, 1, 1, ['.pdf'], ['https:'], 
terraceapartments.pk, Access Denied, , , , , 
terrific.pk, 30, 3, 1, ['.html'], [], 
tevta.gop.pk, 128, 0, 4, ['.aspx'; '.pdf'; '.php'; '.html'], ['https:'; 'http:'], 
textile.gov.pk, 82, 0, 3, ['.pdf'; '.aspx'; '.php'], ['https:'; 'http:'], 
tgardens.com.pk, 20, 0, 1, ['.html'], ['http:'], 
thaheem.pk, 5, 0, 0, [], [], 
theatlantismall.com.pk, 42, 1, 0, [], ['https:'; 'http:'], 
therehbar.pk, 157, 0, 1, ['.php'], ['https:'; 'http:'], 
thesupportgroup.pk, URL Down, , , , , 
theupdates.pk, 112, 0, 0, [], ['https:'], 
ticketmaker.pk, 14, 0, 0, [], ['https:'; 'http:'], 
timecheck.com.pk, 0, 0, 0, [], [], 
tjestate.com.pk, 0, 0, 0, [], [], 
tkskhanpur.pk, 111, 0, 3, ['.pdf'; '.aspx'; '.php'], ['https:'; 'http:'], 
topmarketing.pk, 36, 0, 0, [], ['https:'; 'http:'], 
torghar.financekpp.gov.pk, Access Denied, , , , , 
totalclassified.com.pk, 98, 0, 1, ['.xml'], ['https:'; 'http:'], 
tourism.ajk.gov.pk, 0, 0, 0, [], [], 
touristo.com.pk, URL Down, , , , , 
towers.com.pk, 114, 0, 1, ['.php'], [], 
tradepoint.com.pk, 10, 0, 0, [], [], 
transbase.com.pk, 18, 0, 0, [], ['http:'], 
transmedia.com.pk, 45, 0, 0, [], ['https:'; 'http:'], 
transport.sindh.gov.pk, Access Denied, , , , , 
trapp.pk, 1, 0, 0, [], ['https:'], 
travelex.com.pk, URL Down, , , , , 
traveltimes.com.pk, 84, 1, 0, [], ['http:'], 
trawell.pk, 55, 1, 0, [], ['https:'], 
trepak.pk, 83, 5, 1, ['.pdf'], ['https:'; 'http:'], 
tripcart.pk, URL Down, , , , , 
tsfc.gov.pk, 34, 1, 0, [], ['https:'; 'http:'], 
ttsingh.dc.lhc.gov.pk, 89, 0, 1, ['.aspx'], ['http:'], 
tttc.com.pk, 14, 1, 1, ['.html'], [], 
turbat.opf.edu.pk, 0, 0, 0, [], [], 
tzl.com.pk, URL Down, , , , , 
ubs.uet.edu.pk, 2, 0, 0, [], [], 
ues.com.pk, 14, 0, 2, ['.php'; '.html'], ['http:'], 
uip.urbanunit.gov.pk, 25, 0, 0, [], ['http:'], 
uipt.urbanunit.gov.pk, Access Denied, , , , , 
uitu.edu.pk, 0, 0, 0, [], [], 
ullab.com.pk, 11, 0, 1, ['.aspx'], ['http:'], 
ums.org.pk, 38, 1, 0, [], ['https:'; 'http:'], 
uneek.com.pk, 1, 0, 0, [], ['http:'], 
unitedfoods.pk, 0, 0, 0, [], [], 
universitiesboards.sindh.gov.pk, Access Denied, , , , , 
uog.com.pk, 54, 0, 0, [], ['https:'], 
uog.urbanunit.gov.pk, Access Denied, , , , , 
uoli.edu.pk, 47, 2, 0, [], ['https:'; 'http:'], 
upperdir.financekpp.gov.pk, URL Down, , , , , 
urbanconsultants.com.pk, 29, 0, 0, [], ['https:'; 'http:'], 
urbandirectorate.gos.pk, 37, 0, 2, ['.aspx'; '.php'], ['https:'; 'http:'], 
urbanunit.gov.pk, 77, 0, 1, ['.aspx'], ['https:'; 'http:'], 
urdu.pta.gov.pk, Access Denied, , , , , 
urdubook.pk, 0, 0, 0, [], [], 
urss.hec.gov.pk, Access Denied, , , , , 
urwasoft.com.pk, 19, 0, 0, [], ['https:'; 'http:'], 
usp.urbanunit.gov.pk, Access Denied, , , , , 
ut.net.pk, 35, 0, 1, ['.html'], [], 
uu.urbanunit.gov.pk, URL Down, , , , , 
uu1.urbanunit.gov.pk, 77, 0, 1, ['.aspx'], ['https:'; 'http:'], 
uulrc.urbanunit.gov.pk, 0, 0, 0, [], [], 
uwjss.org.pk, 36, 0, 2, ['.pdf'; '.php'], ['http:'], 
uwjst.org.pk, 49, 0, 3, ['.doc'; '.pdf'; '.php'], ['http:'; 'http:'], 
valdech.com.pk, URL Down, , , , , 
values.pk, 21, 0, 0, [], ['https:'; 'http:'], 
vegeteria.com.pk, 69, 0, 1, ['.php'], ['https:'], 
vehari.dc.lhc.gov.pk, 49, 0, 1, ['.aspx'], ['http:'], 
vendor.com.pk, 0, 0, 0, [], [], 
venuehub.pk, 87, 0, 0, [], ['https:'], 
vertex.org.pk, 40, 0, 0, [], ['https:'; 'http:'], 
vetdoctor.com.pk, 0, 0, 0, [], [], 
vgs.edu.pk, 77, 0, 0, [], ['https:'], 
viplahoregirls.pk, 22, 0, 0, [], [], 
vipmodels.pk, Access Denied, , , , , 
visitgilgitbaltistan.gov.pk, 78, 0, 0, [], ['https:'; 'http:'], 
vitallab.com.pk, 0, 0, 0, [], [], 
vmis.punjab.gov.pk, 1, 0, 0, [], ['http:'], 
voice.org.pk, URL Down, , , , , 
vschools.com.pk, 0, 0, 0, [], [], 
wahpublic.pk, 17, 0, 0, [], ['https:'], 
waleedassociate.com.pk, 45, 0, 1, ['.html'], [], 
wapda.gov.pk, 0, 0, 0, [], [], 
warzish.pk, 0, 0, 0, [], [], 
watsun.com.pk, 55, 0, 2, ['.aspx'; '.html'], [], 
wazircarpets.pk, 7, 2, 0, [], [], 
webdoc.com.pk, 93, 0, 0, [], ['https:'; 'http:'], 
webspider.pk, 55, 1, 0, [], ['https:'; 'http:'], 
wellness.iobm.edu.pk, 111, 0, 2, ['.aspx'; '.php'], ['https:'; 'http:'], 
whatsappfood.pk, 0, 0, 0, [], [], 
whatthefunkwear.com.pk, URL Down, , , , , 
whois.com.pk, URL Down, , , , , 
wholemart.com.pk, 18, 0, 1, ['.html'], ['https:'], 
willways.com.pk, Access Denied, , , , , 
works.ajk.gov.pk, 32, 0, 3, ['.aspx'; '.pdf'; '.html'], ['https:'; 'http:'], 
writersclub.pk, 87, 0, 1, ['.php'], ['https:'; 'http:'], 
ws.irrigation.punjab.gov.pk, 5, 0, 1, ['.txt'], ['http:'], 
wwbkp.gov.pk, 1, 0, 0, [], ['http:'], 
www.aatech.pk, URL Down, , , , , 
www.abiha.com.pk, 111, 0, 0, [], ['https:'], 
www.agfp.gov.pk, 40, 0, 0, [], ['https:'; 'http:'], 
www.agp.gov.pk, 58, 0, 1, ['.js'], [' https:'; 'https:'; 'http:'], 
www.agripunjab.gov.pk, 111, 0, 0, [], ['https:'; 'http:'], 
www.aic.gov.pk, 35, 2, 0, [], ['https:'; 'http:'], 
www.aims.ajk.gov.pk, 12, 0, 0, [], ['https:'], 
www.ajleathergroup.pk, Access Denied, , , , , 
www.aktechsolutions.com.pk, 52, 3, 1, ['.php'], [], 
www.alfatah.com.pk, 1067, 0, 0, [], ['https:'; 'http:'], 
www.alnoorlibrary.com.pk, 1, 0, 0, [], ['http:'], 
www.alp.gov.pk, 31, 0, 2, ['.php'; '.html'], ['https:'; 'http:'], 
www.amis.gov.pk, Access Denied, , , , , 
www.anf.gov.pk, 91, 0, 3, ['.pdf'; '.aspx'; '.php'], ['https:'; 'http:'], 
www.anfnorthregion.gov.pk, 28, 0, 4, ['.doc'; '.aspx'; '.php'; '.docx'], ['https:'; 'http:'], 
www.anwarulharmain.com.pk, 79, 1, 1, ['.pdf'], ['https:'; 'http:'], 
www.aryan.com.pk, 35, 1, 1, ['.php'], ['http:'], 
www.asc-centralasia.edu.pk, 42, 0, 1, ['.php'], ['http:'; 'http:'], 
www.aura.com.pk, 29, 0, 0, [], ['https:'; 'http:'], 
www.ayeshamart.pk, 159, 0, 1, ['.php'], ['https:'; 'http:'], 
www.ayubmed.edu.pk, 191, 2, 0, [], ['https:'; 'http:'], 
www.bahawalpur.gov.pk, 1, 1, 0, [], [], 
www.bahria.edu.pk, 203, 1, 4, ['.doc'; '.aspx'; '.php'; '.docx'], ['https:'; 'http:'], 
www.bankingmohtasib.gov.pk, 4, 1, 1, ['.php'], ['http:'], 
www.bblc.com.pk, 62, 0, 0, [], ['http:'], 
www.becs.gov.pk, URL Down, , , , , 
www.beoe.gov.pk, 170, 0, 0, [], ['https:'; 'http:'], 
www.berry.com.pk, 136, 0, 0, [], ['https:'], 
www.bhmdevelopments.com.pk, 154, 0, 0, [], ['https:'], 
www.billiontreeproject.kp.gov.pk, 1, 1, 0, [], [], 
www.bisi.com.pk, 0, 0, 0, [], [], 
www.blinkcapital.com.pk, 1, 0, 0, [], ['http:'], 
www.borsindh.gov.pk, 1, 1, 0, [], [], 
www.buzztech.com.pk, 0, 0, 0, [], [], 
www.campus.pk, 289, 0, 0, [], ['https:'; 'http:'], 
www.cbkamra.gov.pk, 82, 0, 1, ['.pdf'], ['https:'; 'http:'], 
www.cbp.gov.pk, 122, 0, 1, ['.pdf'], ['https:'; 'http:'], 
www.cbr.gov.pk, Access Denied, , , , , 
www.cda.gov.pk, 126, 0, 3, ['.aspx'; '.pdf'; '.html'], ['http:'], 
www.celvas.com.pk, 24, 2, 0, [], ['http:'], 
www.cga.gov.pk, 47, 3, 0, [], ['https:'; 'http:'], 
www.chaipani.pk, 70, 0, 0, [], ['https:'; 'http:'], 
www.chandi.pk, 70, 1, 0, [], ['https:'], 
www.chk.gov.pk, 149, 0, 1, ['.pdf'], ['http:'; ' http:'], 
www.cholistan.gov.pk, 44, 1, 4, ['.doc'; '.pdf'; '.php'; '.js'], ['https:'; 'http:'], 
www.cii.gov.pk, 35, 0, 5, ['.aspx'; '.php'; '.pdf'; '.js'; '.html'], ['https:'; 'http:'], 
www.cmkp.gov.pk, 70, 0, 1, ['.php'], ['https:'; 'http:'], 
www.cmsindh.gov.pk, 0, 0, 0, [], [], 
www.cmtl.gov.pk, URL Down, , , , , 
www.colleges.ajk.gov.pk, 32, 0, 3, ['.aspx'; '.pdf'; '.html'], ['https:'; 'http:'], 
www.commerce.gov.pk, 408, 0, 2, ['.aspx'; '.pdf'], ['https:'; 'http:'], 
www.compass.com.pk, 68, 0, 0, [], ['https:'; 'http:'], 
www.cpmcollege.edu.pk, 118, 0, 1, ['.php'], ['https:'; 'http:'], 
www.csd.gov.pk, 78, 0, 1, ['.aspx'], ['https:'; 'http:'], 
www.culture.kp.gov.pk, 1, 1, 0, [], [], 
www.customerreviews.pk, 46, 0, 1, ['.php'], ['https:'], 
www.daewoo.com.pk, 55, 0, 0, [], ['https:'; 'http:'], 
www.dataconnect.com.pk, 23, 0, 0, [], ['https:'; 'http:'], 
www.dev.hec.gov.pk, Access Denied, , , , , 
www.dgdp.gov.pk, 66, 5, 4, ['.doc'; '.pdf'; '.php'; '.html'], ['https:'; 'http:'], 
www.dgip.gov.pk, 55, 0, 3, ['.pdf'; '.aspx'; '.php'], ['http:'], 
www.dgmp.gov.pk, 43, 0, 3, ['.pdf'; '.aspx'; '.php'], ['http:'], 
www.dgto.gov.pk, 81, 2, 4, ['.html'; '.doc'; '.pdf'; '.docx'], ['http:'], 
www.districtcourtsmirpurkhas.gov.pk, 55, 0, 3, ['.aspx'; '.php'; '.html'], ['https:'; 'http:'], 
www.downloads.nha.gov.pk, 1, 1, 0, [], [], 
www.dsjmultan.com.pk, 0, 0, 0, [], [], 
www.duet.edu.pk, 126, 0, 2, ['.aspx'; '.html'], ['https:'; 'http:'], 
www.eadtraining.gov.pk, 1, 0, 0, [], [], 
www.easternstylo.com.pk, 283, 0, 0, [], ['https:'; 'http:'], 
www.easyracks.net.pk, 70, 0, 2, ['.php'; '.html'], ['https:'], 
www.ecopsc.gov.pk, 37, 0, 1, ['.pdf'], ['https:'], 
www.ecp.gov.pk, 168, 0, 3, ['.php'; '.aspx'; '.pdf'], ['https:'; 'http:'], 
www.enercon.gov.pk, 1, 0, 0, [], ['https:'], 
www.energyupdate.com.pk, 142, 0, 1, ['.pdf'], ['https:'], 
www.entcollection.punjab.gov.pk, Access Denied, , , , , 
www.environment.gov.pk, 75, 0, 3, ['.pdf'; '.php'; '.html'], ['http:'], 
www.episargodha.punjab.gov.pk, Access Denied, , , , , 
www.epw.gov.pk, 4, 0, 0, [], [], 
www.epza.gov.pk, 149, 1, 2, ['.aspx'; '.pdf'], ['https:'; 'http:'], 
www.erra.gov.pk, Access Denied, , , , , 
www.establishment.gov.pk, 120, 0, 1, ['.pdf'], ['https:'; 'http:'], 
www.estate-office.gov.pk, 144, 1, 2, ['.pdf'; '.php'], ['http:'], 
www.fab.gov.pk, Access Denied, , , , , 
www.faisalabadartscouncil.gov.pk, Access Denied, , , , , 
www.faisalabadpolice.gov.pk, 38, 0, 0, [], ['https:'; 'http:'], 
www.fares.pk, 0, 0, 0, [], [], 
www.fastex.pk, 77, 0, 1, ['.aspx'], ['https:'], 
www.fata.gov.pk, Access Denied, , , , , 
www.fatardp.gov.pk, 0, 0, 0, [], [], 
www.fbr.gov.pk, Access Denied, , , , , 
www.fda.gov.pk, 20, 0, 0, [], ['https:'; 'http:'], 
www.fef.gov.pk, 78, 1, 1, ['.php'], ['https:'; 'http:'], 
www.fgehf.gov.pk, 124, 0, 1, ['.php'], ['https:'; 'http:'], 
www.fgpc.gov.pk, URL Down, , , , , 
www.finance.gov.pk, 140, 0, 4, ['.pdf'; '.php'; '.html'; '.zip'], ['https:'; 'http:'], 
www.financekpp.gov.pk, 0, 0, 0, [], [], 
www.firstfloor.com.pk, 4, 0, 0, [], [], 
www.fja.gov.pk, 55, 0, 4, ['.aspx'; '.pdf'; '.php'; '.html'], ['https:'; 'http:'], 
www.fjids.punjab.gov.pk, Access Denied, , , , , 
www.flyhigh.pk, 0, 0, 0, [], [], 
www.fpe.com.pk, 0, 0, 0, [], [], 
www.fpsc.gov.pk, Access Denied, , , , , 
www.fsa.gov.pk, 621, 0, 2, ['.php'; '.html'], ['https:'; 'http:'], 
www.fto.gov.pk, 2, 0, 1, ['.html'], [], 
www.futsal.pk, 4, 0, 0, [], [], 
www.gecemthatta.edu.pk, 0, 0, 0, [], [], 
www.gentleman.pk, 173, 1, 0, [], ['https:'; 'whatsapp:'; 'http:'], 
www.gilgitbaltistan.gov.pk, 71, 0, 3, ['.doc'; '.aspx'; '.pdf'], ['http:'], 
www.grasco.com.pk, 25, 0, 0, [], ['https:'; 'http:'], 
www.gsp.gov.pk, 17, 0, 0, [], ['https:'; 'http:'], 
www.gumash.com.pk, 1, 1, 0, [], [], 
www.health.ajk.gov.pk, 92, 0, 0, [], ['https:'; 'http:'], 
www.healthkp.gov.pk, 113, 0, 1, ['.pdf'], ['https:'; 'http:'], 
www.heritage.gov.pk, 19, 0, 1, ['.html'], [], 
www.hitfasexpo.com.pk, URL Down, , , , , 
www.hmckp.gov.pk, 152, 0, 0, [], ['https:'; 'http:'], 
www.houseinorder.com.pk, 0, 0, 0, [], [], 
www.how.org.pk, 0, 0, 0, [], [], 
www.hrmis.punjab.gov.pk, 1, 0, 0, [], ['http:'], 
www.hypedirectmarketing.com.pk, 5, 0, 0, [], [], 
www.iap.gov.pk, 18, 0, 2, ['.pdf'; '.html'], ['http:'], 
www.ideatech.pk, 0, 0, 0, [], [], 
www.ihc.gov.pk, 0, 0, 0, [], [], 
www.infokhyberpakhtunkhwa.gov.pk, 165, 1, 0, [], ['https:'; 'http:'], 
www.interior.gov.pk, 96, 1, 2, ['.pdf'; '.php'], ['https:'; 'http:'], 
www.inu.edu.pk, 4, 0, 0, [], ['http:'], 
www.iobm.edu.pk, 192, 1, 0, [], ['https:'; 'http:'], 
www.ioekp.gov.pk, 20, 0, 2, ['.pdf'; '.html'], ['https:'; 'http:'], 
www.ipakistan.pk, 1, 1, 0, [], [], 
www.ipcih.gov.pk, 16, 0, 1, ['.html'], ['https:'], 
www.ipo.gov.pk, 215, 0, 2, ['.aspx'; '.pdf'], ['https:'; 'http:'], 
www.islamabad.gov.pk, 113, 0, 3, ['.aspx'; '.pdf'; '.html'], ['http:'], 
www.ispr.gov.pk, 311, 0, 2, ['.php'; '.html'], ['https:'; 'http:'], 
www.itb.ajk.gov.pk, 107, 0, 0, [], ['https:'; 'http:'], 
www.itclouds.com.pk, 5, 0, 0, [], ['https:'], 
www.jobs.gov.pk, 11, 0, 0, [], ['http:'], 
www.jpad.com.pk, 88, 0, 1, ['.php'], ['http:'], 
www.justclick.pk, 446, 0, 1, ['.php'], ['https:'; 'http:'], 
www.kec.com.pk, Access Denied, , , , , 
www.ker.org.pk, 70, 0, 1, ['.php'], ['https:'; 'https:'; 'http:'], 
www.khyberpakhtunkhwa.gov.pk, 1308, 0, 5, ['.aspx'; '.php'; '.pdf'; '.doc'; '.docx'], ['https:'; 'http:'], 
www.kingtires.com.pk, 0, 0, 0, [], [], 
www.kmu.edu.pk, 366, 0, 7, ['.aspx'; '.xls'; '.pdf'; '.doc'; '.html'; '.docx'; '.xlsx'], ['https:'; 'http:'], 
www.kmuj.kmu.edu.pk, 86, 0, 3, ['.aspx'; '.php'; '.html'], ['https:'; 'https:'; 'http:'], 
www.kpbos.gov.pk, 34, 0, 2, ['.rar'; '.pdf'], ['https:'; 'http:'], 
www.kpitb.gov.pk, 145, 3, 1, ['.pdf'], ['https:'; 'http:'], 
www.kpkep.gov.pk, 66, 0, 2, ['.pdf'; '.html'], ['https:'; 'http:'], 
www.kppra.gov.pk, 221, 0, 4, ['.doc'; '.pdf'; '.php'; '.docx'], ['https:'; 'http:'], 
www.kprti.gov.pk, 99, 0, 2, ['.pdf'; '.php'], ['https:'; 'http:'], 
www.law.ajk.gov.pk, 18, 0, 0, [], ['https:'; 'http:'], 
www.lcdc.gov.pk, 58, 0, 0, [], ['https:'; 'http:'], 
www.lesco.gov.pk, 49, 0, 2, ['.pdf'; '.html'], ['https:'; 'http:'; ' http:'], 
www.lhc.gov.pk, 93, 0, 0, [], ['https:'; 'http:'], 
www.lmis.gov.pk, 12, 2, 1, ['.php'], ['https:'; 'http:'], 
www.lrh.gov.pk, 173, 1, 3, ['.pdf'; '.php'; '.html'], ['https:'], 
www.mahicollection.com.pk, 0, 0, 0, [], [], 
www.massivebaazar.pk, URL Down, , , , , 
www.mastertank.com.pk, 69, 0, 0, [], ['http:'], 
www.matrixpharma.com.pk, URL Down, , , , , 
www.mecsindh.gov.pk, 38, 1, 3, ['.pdf'; '.php'; '.html'], ['http:'], 
www.mercantilemarine.gov.pk, 24, 0, 0, [], ['http:'], 
www.mes.gov.pk, Access Denied, , , , , 
www.mod.gov.pk, 92, 0, 2, ['.aspx'; '.pdf'], [' https:'; 'https:'; 'http:'], 
www.moe.gov.pk, 0, 0, 0, [], [], 
www.mofa.gov.pk, 224, 0, 2, ['.pdf'; '.html'], ['https:'; 'http:'], 
www.mohkam.pk, 66, 2, 1, ['.pdf'], ['https:'; 'http:'], 
www.mohtasib.gov.pk, 164, 0, 3, ['.pdf'; '.aspx'; '.php'], ['https:'; 'http:'], 
www.mohtasibsindh.gov.pk, 16, 0, 1, ['.php'], ['http:'], 
www.mopa.gov.pk, 56, 0, 2, ['.pdf'; '.php'], ['https:'; 'http:'], 
www.mss-smc.org.pk, 13, 0, 0, [], ['https:'], 
www.mtmist.islamabad.gov.pk, 113, 0, 3, ['.aspx'; '.pdf'; '.html'], ['http:'], 
www.mucaddam.pk, 22, 0, 1, ['.php'], ['http:'], 
www.multan.gov.pk, 0, 0, 0, [], [], 
www.mwgarments.com.pk, 0, 0, 0, [], [], 
www.na.gov.pk, 231, 0, 2, ['.pdf'; '.php'], ['https:'; 'http:'], 
www.nab.gov.pk, 78, 2, 4, ['.html'; '.doc'; '.pdf'; '.docx'], [], 
www.narcon.gov.pk, 103, 0, 2, ['.php'; '.html'], ['https:'; 'http:'; './https:'], 
www.ncsw.gov.pk, URL Down, , , , , 
www.ndma.gov.pk, 0, 0, 0, [], [], 
www.neas.gov.pk, 104, 0, 2, ['.aspx'; '.pdf'], [' https:'; 'https:'; 'http:'], 
www.nfdc.gov.pk, 30, 0, 3, ['.pdf'; '.php'; '.html'], ['http:'], 
www.nha.gov.pk, 199, 0, 2, ['.pdf'; '.html'], ['https:'; 'http:'], 
www.nibaf.gov.pk, 24, 0, 3, ['.doc'; '.pdf'; '.docx'], ['https:'; 'http:'], 
www.nidu.gov.pk, 13, 0, 2, ['.pdf'; '.php'], ['http:'], 
www.nie.gov.pk, 89, 0, 3, ['.pdf'; '.php'; '.html'], ['http:'], 
www.nikon.com.pk, 112, 0, 2, ['.html'; '.xml'], ['https:'; 'http:'], 
www.niopk.gov.pk, 54, 12, 3, ['.pdf'; '.php'; '.html'], ['https:'; 'http:'], 
www.nip.gov.pk, 30, 0, 1, ['.php'], ['http:'], 
www.npa.gov.pk, 300, 0, 0, [], ['https:'; 'http:'], 
www.npo.gov.pk, 67, 0, 2, ['.pdf'; '.php'], ['https:'; 'http:'], 
www.nr3c.gov.pk, 16, 0, 2, ['.php'; '.html'], [], 
www.ntb.gov.pk, 71, 0, 4, ['.pdf'; '.doc'; '.aspx'; '.php'], ['http:'], 
www.ntrc.gov.pk, 128, 2, 2, ['.pdf'; '.html'], ['https:'; 'http:'], 
www.nwgh.pk, URL Down, , , , , 
www.nwihs.edu.pk, Access Denied, , , , , 
www.okara.dc.lhc.gov.pk, URL Down, , , , , 
www.ombudsmanpunjab.gov.pk, Access Denied, , , , , 
www.paf.gov.pk, 11, 0, 0, [], ['https:'; 'http:'], 
www.pafkiet.edu.pk, 0, 0, 0, [], [], 
www.pakaims.edu.pk, 103, 2, 1, ['.pdf'], ['https:'; 'http:'], 
www.pakboi.gov.pk, 0, 0, 0, [], [], 
www.pakistanarmy.gov.pk, 135, 0, 3, ['.aspx'; '.pdf'; '.php'], ['https:'; 'http:'], 
www.pakmission-uk.gov.pk, 154, 3, 3, ['.aspx'; '.pdf'; '.html'], ['https:'; 'http:'], 
www.paknavy.gov.pk, 210, 0, 3, ['.doc'; '.pdf'; '.docx'], ['https:'; 'http:'], 
www.pakp.gov.pk, 103, 0, 0, [], ['https:'; 'http:'], 
www.pakpost.gov.pk, 186, 0, 3, ['.pdf'; '.php'; '.html'], ['https:'; 'http:'], 
www.paksurgical.pk, 302, 0, 1, ['.php'], ['https:'], 
www.parc.gov.pk, 163, 0, 5, ['.aspx'; '.php'; '.pdf'; '.doc'; '.docx'], ['https:'; 'http:'], 
www.pastic.gov.pk, 269, 2, 3, ['.mp4'; '.aspx'; '.html'], ['https:'; 'http:'], 
www.pbm.gov.pk, 93, 0, 2, ['.pdf'; '.html'], ['https:'; 'http:'], 
www.pbs.gov.pk, 110, 1, 3, ['.pdf'; '.php'; '.xml'], ['https:'; 'http:'], 
www.pcret.gov.pk, 47, 0, 4, ['.doc'; '.pdf'; '.docx'; '.html'], ['https:'; 'http:'], 
www.pcrwr.gov.pk, 75, 0, 2, ['.php'; '.html'], ['https:'; 'http:'], 
www.pcsir.gov.pk, 133, 0, 1, ['.php'], ['http:'], 
www.pdma.gov.pk, 1831, 0, 4, ['.html'; '.aspx'; '.php'; '.xml'], ['https:'; 'ttp:'; 'http:'], 
www.pechsgs.edu.pk, 27, 0, 0, [], ['https:'; 'http:'], 
www.pemra.gov.pk, 0, 0, 0, [], [], 
www.pepco.gov.pk, 0, 0, 0, [], [], 
www.peshawarhighcourt.gov.pk, 121, 0, 3, ['.pdf'; '.php'; '.html'], ['https:'; 'http:'], 
www.pga.org.pk, 271, 1, 1, ['.php'], ['https:'], 
www.pha.gov.pk, 66, 1, 4, ['.doc'; '.aspx'; '.pdf'; '.docx'], ['https:'; 'http:'], 
www.pharmalink.com.pk, 42, 2, 0, [], ['https:'; 'http:'], 
www.phoneaccessories.pk, 1, 0, 0, [], ['https:'], 
www.pid.gov.pk, 163, 0, 0, [], ['https:'; 'http:'], 
www.pifra.gov.pk, 0, 0, 0, [], [], 
www.pinnacle.pk, 0, 0, 0, [], [], 
www.pitac.gov.pk, 96, 1, 0, [], ['https:'; 'http:'], 
www.pjaec.pk, 65, 0, 1, ['.php'], ['http:'], 
www.pjms.org.pk, 87, 0, 3, ['.pdf'; '.php'; '.html'], ['https:'; 'http:'], 
www.platinumexecutivetravels.pk, 31, 0, 1, ['.html'], ['https:'; 'http:'], 
www.pmad.gov.pk, 46, 1, 2, ['.pdf'; '.php'], ['https:'; 'http:'], 
www.pmajk.gov.pk, 58, 0, 0, [], ['https:'], 
www.pmd.gov.pk, 0, 0, 0, [], [], 
www.pmi.gov.pk, 53, 0, 1, ['.pdf'], [' https:'; 'https:'; 'file:'], 
www.pmnh.gov.pk, 67, 0, 1, ['.pdf'], ['http:'], 
www.pnac.gov.pk, 133, 0, 3, ['.aspx'; '.pdf'; '.html'], ['https:'; 'http:'], 
www.pndpunjab.gov.pk, 166, 1, 3, ['.aspx'; '.pdf'; '.php'], ['https:'; 'http:'], 
www.poultry.punjab.gov.pk, 48, 0, 1, ['.pdf'], ['https:'], 
www.pprasindh.gov.pk, 4, 0, 1, ['.html'], ['https:'], 
www.presidentofpakistan.gov.pk, 132, 0, 5, ['.php'; '.pdf'; '.doc'; '.docx'; '.html'], ['http:'], 
www.prime.edu.pk, 71, 0, 3, ['.pdf'; '.php'; '.html'], ['https:'; 'http:'], 
www.printgroup.pk, 47, 0, 0, [], ['https:'; 'http:'], 
www.privatisation.gov.pk, 162, 0, 3, ['.aspx'; '.pdf'; '.php'], ['https:'; 'http:'], 
www.prizebondresult.pk, URL Down, , , , , 
www.productive.pk, 64, 1, 2, ['.php'; '.xml'], ['https:'; 'http:'], 
www.prsp-cmiphc.gov.pk, Access Denied, , , , , 
www.psf.gov.pk, 89, 0, 2, ['.doc'; '.aspx'], ['https:'; 'http:'], 
www.pta.gov.pk, Access Denied, , , , , 
www.ptb.gov.pk, 111, 0, 3, ['.doc'; '.pdf'; '.docx'], ['https:'; 'http:'], 
www.punjab-prmp.gov.pk, Access Denied, , , , , 
www.punjab-zameen.gov.pk, 119, 0, 1, ['.aspx'], ['https:'; 'http:'], 
www.punjabfisheries.gov.pk, 88, 2, 2, ['.pdf'; '.html'], ['https:'; 'http:'], 
www.punjablaws.gov.pk, 5, 0, 2, ['.php'; '.html'], [], 
www.punjabmodel.gov.pk, Access Denied, , , , , 
www.punjabpolice.gov.pk, 89, 0, 0, [], ['https:'], 
www.pwd.gov.pk, 1, 0, 0, [], [], 
www.pwdsindh.gov.pk, 38, 0, 2, ['.txt'; '.html'], ['https:'], 
www.quickservices.pk, 82, 2, 0, [], ['https:'], 
www.radio.gov.pk, 186, 0, 0, [], ['https:'; 'http:'], 
www.rawalpindi.dc.lhc.gov.pk, URL Down, , , , , 
www.rescue.gov.pk, 44, 1, 2, ['.aspx'; '.pdf'], ['https:'; 'http:'], 
www.rie.com.pk, 29, 1, 1, ['.php'], [], 
www.rootsinternational.edu.pk, 214, 0, 3, ['.pdf'; '.php'; '.html'], ['https:'; 'http:'], 
www.sacgb.gov.pk, 60, 0, 2, ['.pdf'; '.html'], ['https:'; 'http:'], 
www.safron.gov.pk, 68, 0, 2, ['.aspx'; '.pdf'], ['https:'; 'http:'], 
www.saleandpurchase.com.pk, 1, 0, 0, [], ['https:'], 
www.savings.gov.pk, 112, 1, 2, ['.txt'; '.pdf'], ['https:'; 'http:'], 
www.secp.gov.pk, 384, 1, 1, ['.pdf'], ['https:'; 'http:'], 
www.sereneapartments.pk, URL Down, , , , , 
www.serra.gov.pk, 85, 0, 1, ['.php'], ['https:'; 'http:'], 
www.shc.gov.pk, 195, 0, 4, ['.pdf'; '.php'; '.html'; '.js'], ['https:'; 'http:'], 
www.shifa.com.pk, Access Denied, , , , , 
www.shopvilla.com.pk, 233, 0, 0, [], ['https:'], 
www.sindh.gov.pk, 189, 0, 5, ['.php'; '.pdf'; '.doc'; '.html'; '.zip'], ['https:'; 'http:'], 
www.sindhforests.gov.pk, 198, 1, 2, ['.pdf'; '.html'], ['https:'; 'http:'], 
www.sindhhighcourt.gov.pk, 195, 0, 4, ['.pdf'; '.php'; '.html'; '.js'], ['https:'; 'http:'], 
www.sindhinvestment.gos.pk, 21, 0, 2, ['.php'; '.html'], ['https:'], 
www.sindhpolice.gov.pk, 207, 0, 2, ['.pdf'; '.html'], ['https:'; 'http:'], 
www.sindhwildlife.gov.pk, 85, 0, 0, [], ['https:'; 'http:'], 
www.sirsyeduniversity.edu.pk, 10, 0, 0, [], [], 
www.sjesr.org.pk, 95, 2, 3, ['.pdf'; '.aspx'; '.php'], ['https:'; 'http:'], 
www.skyrocket.com.pk, 87, 1, 0, [], ['https:'; 'http:'], 
www.smd.gov.pk, 48, 0, 2, ['.aspx'; '.pdf'], ['https:'; 'http:'], 
www.socialwelfare.ajk.gov.pk, 55, 0, 0, [], [], 
www.sodasulf.com.pk, 0, 0, 0, [], [], 
www.spis.punjab.gov.pk, 1, 0, 0, [], ['http:'], 
www.spsc.gov.pk, 167, 0, 4, ['.doc'; '.pdf'; '.php'; '.html'], ['https:'; 'http:'], 
www.studio90.pk, 7, 0, 0, [], [], 
www.supremecourt.gov.pk, 153, 0, 0, [], ['https:'], 
www.sureguide.com.pk, 30, 0, 0, [], ['https:'; 'http:'], 
www.surveyofpakistan.gov.pk, 124, 0, 2, ['.aspx'; '.pdf'], ['https:'; 'http:'], 
www.swkpk.gov.pk, 138, 0, 1, ['.pdf'], [' https:'; 'https:'; 'http:'], 
www.tdap.gov.pk, 184, 1, 5, ['.aspx'; '.php'; '.xls'; '.pdf'; '.xlsx'], ['https:'; 'http:'], 
www.techhive.pk, 61, 1, 0, [], ['https:'], 
www.tevta-slmis.gop.pk, URL Down, , , , , 
www.tourism.gov.pk, 24, 1, 2, ['.pdf'; '.html'], ['https:'], 
www.trendzz.pk, 1, 1, 0, [], [], 
www.tutorsworld.com.pk, 60, 2, 2, ['.php'; '.html'], ['http:'; 'https:'; 'tel:'], 
www.ue.edu.pk, 28, 0, 0, [], ['https:'], 
www.urbanunit.gov.pk, 77, 0, 1, ['.aspx'], ['https:'; 'http:'], 
www.urge.pk, 276, 1, 0, [], ['https:'], 
www.visitgilgitbaltistan.gov.pk, 78, 0, 0, [], ['https:'; 'http:'], 
www.vmis.punjab.gov.pk, 1, 0, 0, [], ['http:'], 
www.vokfm.com.pk, 7, 0, 0, [], ['https:'; 'http:'], 
www.vservices.com.pk, URL Down, , , , , 
www.wapda.gov.pk, 0, 0, 0, [], [], 
www.wcap.gov.pk, 0, 0, 0, [], [], 
www.websitedesigning.pk, 62, 3, 1, ['.html'], ['https:'], 
www.weiye.com.pk, 0, 0, 0, [], [], 
www.wellcool.pk, 407, 1, 0, [], ['https:'; 'http:'], 
www.wtopunjab.gov.pk, Access Denied, , , , , 
www.yaseenhajj.com.pk, 24, 0, 1, ['.html'], ['https:'], 
www.yellowcab.punjab.gov.pk, Access Denied, , , , , 
www.youthaffairs.gos.pk, 119, 1, 1, ['.pdf'], ['https:'; 'http:'], 
xammin.pk, 0, 0, 0, [], [], 
xanrice.pk, Access Denied, , , , , 
yaseen.pk, 24, 0, 1, ['.php'], ['https:'], 
ycdo.org.pk, URL Down, , , , , 
yecheez.pk, Access Denied, , , , , 
yess.pk, 4, 0, 0, [], [], 
yumpakistan.pk, 43, 0, 0, [], ['https:'; 'http:'], 
zabanoadab.gcuf.edu.pk, 12, 0, 2, ['.aspx'; '.php'], ['https:'; 'http:'], 
zainmarketing.pk, 46, 0, 1, ['.html'], ['https:'; 'http:'], 
zakat.ajk.gov.pk, 20, 0, 0, [], ['https:'], 
zarghoon.pk, Access Denied, , , , , 
zasb.pk, 0, 0, 0, [], [], 
zda.sindh.gov.pk, Access Denied, , , , , 
ziaetahqeeq.gcuf.edu.pk, 29, 0, 0, [], ['https:'], 
zoney.pk, URL Down, , , , , 
zov.com.pk, 40, 0, 0, [], ['https:'], 
zroorat.pk, 321, 1, 1, ['.php'], ['https:'; 'http:'], 
zubairmirza.pk, 38, 0, 1, ['.php'], ['http:'], 
zwh.com.pk, 33, 0, 1, ['.aspx'], ['http:'], 
, Access Denied, , , , , 
